Date,Campaign Name,Spending,Impressions,Clicks,Observed CTR
11/1/2024,Paid Search 2024-11,15204.84,234148,1871,0.008
11/1/2024,Social 2024-11,8303.42,180071,1705,0.0095
11/1/2024,Email 2024-11,2445.50,176948,783,0.0044
11/1/2024,Affiliates 2024-11,1770.43,27897,232,0.0083
11/2/2024,Paid Search 2024-11,15569.76,236737,1900,0.008
11/2/2024,Social 2024-11,10338.61,228748,2247,0.0098
11/2/2024,Email 2024-11,2424.84,146906,800,0.0054
11/2/2024,Affiliates 2024-11,1974.63,35987,282,0.0078
11/3/2024,Paid Search 2024-11,14933.71,207499,1644,0.0079
11/3/2024,Social 2024-11,10688.90,226706,1869,0.0082
11/3/2024,Email 2024-11,3162.62,202929,1117,0.0055
11/3/2024,Affiliates 2024-11,1771.85,28280,228,0.0081
11/4/2024,Paid Search 2024-11,15221.07,203279,1538,0.0076
11/4/2024,Social 2024-11,10581.20,229236,2139,0.0093
11/4/2024,Email 2024-11,2367.41,145659,703,0.0048
11/4/2024,Affiliates 2024-11,1470.02,25798,199,0.0077
11/5/2024,Paid Search 2024-11,15302.27,217811,1730,0.0079
11/5/2024,Social 2024-11,9365.66,188601,1631,0.0086
11/5/2024,Email 2024-11,1984.58,126520,573,0.0045
11/5/2024,Affiliates 2024-11,1732.55,30515,234,0.0077
11/6/2024,Paid Search 2024-11,15665.90,216629,1904,0.0088
11/6/2024,Social 2024-11,8692.4,176945,1766,0.01
11/6/2024,Email 2024-11,2336.08,161853,697,0.0043
11/6/2024,Affiliates 2024-11,1739.35,29744,218,0.0073
11/7/2024,Paid Search 2024-11,10866.47,175856,1069,0.0061
11/7/2024,Social 2024-11,10789.32,242086,1910,0.0079
11/7/2024,Email 2024-11,2471.96,157290,811,0.0052
11/7/2024,Affiliates 2024-11,1579.61,24759,207,0.0084
11/8/2024,Paid Search 2024-11,15871.69,251906,1592,0.0063
11/8/2024,Social 2024-11,10423.99,219269,1945,0.0089
11/8/2024,Email 2024-11,3039.16,199198,886,0.0044
11/8/2024,Affiliates 2024-11,1691.53,26187,214,0.0082
11/9/2024,Paid Search 2024-11,19539.98,314094,1956,0.0062
11/9/2024,Social 2024-11,10062.68,186713,1968,0.0105
11/9/2024,Email 2024-11,2234.06,136507,807,0.0059
11/9/2024,Affiliates 2024-11,2245.71,37965,338,0.0089
11/10/2024,Paid Search 2024-11,11589.25,172402,1222,0.0071
11/10/2024,Social 2024-11,9124.72,202003,1908,0.0094
11/10/2024,Email 2024-11,2699.54,186168,794,0.0043
11/10/2024,Affiliates 2024-11,1885.16,28954,271,0.0094
11/11/2024,Paid Search 2024-11,13207.00,197805,1263,0.0064
11/11/2024,Social 2024-11,13248.39,261822,2756,0.0105
11/11/2024,Email 2024-11,2636.61,167195,882,0.0053
11/11/2024,Affiliates 2024-11,1418.37,23332,163,0.007
11/12/2024,Paid Search 2024-11,13557.61,216551,1618,0.0075
11/12/2024,Social 2024-11,9795.86,211872,1762,0.0083
11/12/2024,Email 2024-11,2293.5,160446,671,0.0042
11/12/2024,Affiliates 2024-11,1833.6,28254,225,0.008
11/13/2024,Paid Search 2024-11,16678.84,252005,1674,0.0066
11/13/2024,Social 2024-11,8259.17,185405,1704,0.0092
11/13/2024,Email 2024-11,2297.32,144873,654,0.0045
11/13/2024,Affiliates 2024-11,1727.20,28823,204,0.0071
11/14/2024,Paid Search 2024-11,13563.9,213169,1371,0.0064
11/14/2024,Social 2024-11,11513.29,218398,1950,0.0089
11/14/2024,Email 2024-11,2566.42,170703,804,0.0047
11/14/2024,Affiliates 2024-11,1916.61,34657,239,0.0069
11/15/2024,Paid Search 2024-11,14610.62,199392,1688,0.0085
11/15/2024,Social 2024-11,9845.61,205840,2137,0.0104
11/15/2024,Email 2024-11,2356.82,166069,777,0.0047
11/15/2024,Affiliates 2024-11,1578.62,27872,231,0.0083
11/16/2024,Paid Search 2024-11,12200.51,194041,1398,0.0072
11/16/2024,Social 2024-11,13538.45,273595,2481,0.0091
11/16/2024,Email 2024-11,2889.54,182920,949,0.0052
11/16/2024,Affiliates 2024-11,1610.11,24716,235,0.0095
11/17/2024,Paid Search 2024-11,14303.64,225665,1420,0.0063
11/17/2024,Social 2024-11,8916.59,170669,1912,0.0112
11/17/2024,Email 2024-11,2419.52,145853,713,0.0049
11/17/2024,Affiliates 2024-11,1642.7,27876,189,0.0068
11/18/2024,Paid Search 2024-11,16300.4,241705,1712,0.0071
11/18/2024,Social 2024-11,10595.35,203495,1741,0.0086
11/18/2024,Email 2024-11,3144.84,206144,1070,0.0052
11/18/2024,Affiliates 2024-11,1461.03,22410,196,0.0087
11/19/2024,Paid Search 2024-11,15451.74,210560,1935,0.0092
11/19/2024,Social 2024-11,11887.78,258581,2590,0.01
11/19/2024,Email 2024-11,2626.09,162276,948,0.0058
11/19/2024,Affiliates 2024-11,1604.66,26545,236,0.0089
11/20/2024,Paid Search 2024-11,14830.66,203883,1532,0.0075
11/20/2024,Social 2024-11,7683.14,153426,1346,0.0088
11/20/2024,Email 2024-11,2637.32,182352,847,0.0046
11/20/2024,Affiliates 2024-11,1725.95,28656,258,0.009
11/21/2024,Paid Search 2024-11,17068.26,260579,2094,0.008
11/21/2024,Social 2024-11,10954.9,215194,2169,0.0101
11/21/2024,Email 2024-11,2604.11,186131,918,0.0049
11/21/2024,Affiliates 2024-11,1702.01,29647,199,0.0067
11/22/2024,Paid Search 2024-11,17560.52,284031,1738,0.0061
11/22/2024,Social 2024-11,9458.24,205466,1954,0.0095
11/22/2024,Email 2024-11,2066.7,126621,707,0.0056
11/22/2024,Affiliates 2024-11,1734.02,28703,236,0.0082
11/23/2024,Paid Search 2024-11,17825.35,263664,2158,0.0082
11/23/2024,Social 2024-11,8900.45,168591,1501,0.0089
11/23/2024,Email 2024-11,3305.87,232483,1075,0.0046
11/23/2024,Affiliates 2024-11,1925.95,33784,287,0.0085
11/24/2024,Paid Search 2024-11,16406.9,226419,1721,0.0076
11/24/2024,Social 2024-11,12384.61,248114,2315,0.0093
11/24/2024,Email 2024-11,3240.47,228142,1221,0.0054
11/24/2024,Affiliates 2024-11,1949.5,33906,297,0.0088
11/25/2024,Paid Search 2024-11,15102.54,229875,1854,0.0081
11/25/2024,Social 2024-11,7652.6,141664,1539,0.0109
11/25/2024,Email 2024-11,3050.3,201668,954,0.0047
11/25/2024,Affiliates 2024-11,1433.6,25238,215,0.0085
11/26/2024,Paid Search 2024-11,13558.38,192183,1677,0.0087
11/26/2024,Social 2024-11,9623.51,203946,2107,0.0103
11/26/2024,Email 2024-11,2309.96,139490,861,0.0062
11/26/2024,Affiliates 2024-11,1402.64,21966,202,0.0092
11/27/2024,Paid Search 2024-11,14590.55,194775,1395,0.0072
11/27/2024,Social 2024-11,11116.08,216098,2308,0.0107
11/27/2024,Email 2024-11,1624.12,117538,590,0.005
11/27/2024,Affiliates 2024-11,1756.10,26576,257,0.0097
11/28/2024,Paid Search 2024-11,12467.72,193764,1387,0.0072
11/28/2024,Social 2024-11,10712.37,230052,1829,0.008
11/28/2024,Email 2024-11,2109.84,154164,747,0.0048
11/28/2024,Affiliates 2024-11,1253.7,18982,172,0.0091
11/29/2024,Paid Search 2024-11,15229.06,207192,1526,0.0074
11/29/2024,Social 2024-11,10155.29,220149,1910,0.0087
11/29/2024,Email 2024-11,2453.83,178181,730,0.0041
11/29/2024,Affiliates 2024-11,1606.82,27579,227,0.0082
11/30/2024,Paid Search 2024-11,17217.65,250180,1917,0.0077
11/30/2024,Social 2024-11,12416.07,243384,2105,0.0086
11/30/2024,Email 2024-11,3029.78,207424,1043,0.005
11/30/2024,Affiliates 2024-11,1849.01,31361,225,0.0072
12/1/2024,Paid Search 2024-12,12832.25,189123,1390,0.0073
12/1/2024,Social 2024-12,12514.07,267069,2430,0.0091
12/1/2024,Email 2024-12,2709.77,191036,853,0.0045
12/1/2024,Affiliates 2024-12,2018.63,32706,279,0.0085
12/2/2024,Paid Search 2024-12,15969.36,256506,1980,0.0077
12/2/2024,Social 2024-12,9872.42,194995,2049,0.0105
12/2/2024,Email 2024-12,2219.49,135301,654,0.0048
12/2/2024,Affiliates 2024-12,1699.1,27379,211,0.0077
12/3/2024,Paid Search 2024-12,13767.68,184168,1641,0.0089
12/3/2024,Social 2024-12,8072.23,154112,1478,0.0096
12/3/2024,Email 2024-12,2089.31,152057,668,0.0044
12/3/2024,Affiliates 2024-12,2245.12,38823,282,0.0073
12/4/2024,Paid Search 2024-12,11797.66,157677,1366,0.0087
12/4/2024,Social 2024-12,10893.87,208532,1865,0.0089
12/4/2024,Email 2024-12,3009.86,214264,1020,0.0048
12/4/2024,Affiliates 2024-12,1777.25,28984,233,0.008
12/5/2024,Paid Search 2024-12,18333.63,269943,1996,0.0074
12/5/2024,Social 2024-12,8865.88,165301,1894,0.0115
12/5/2024,Email 2024-12,1926.4,130645,640,0.0049
12/5/2024,Affiliates 2024-12,1078.1,19203,132,0.0069
12/6/2024,Paid Search 2024-12,15747.48,245562,1839,0.0075
12/6/2024,Social 2024-12,9871.07,195941,1902,0.0097
12/6/2024,Email 2024-12,2580.33,184132,929,0.005
12/6/2024,Affiliates 2024-12,1766.50,31504,241,0.0076
12/7/2024,Paid Search 2024-12,13892.30,189551,1558,0.0082
12/7/2024,Social 2024-12,11698.89,224498,2315,0.0103
12/7/2024,Email 2024-12,2830.53,204834,809,0.0039
12/7/2024,Affiliates 2024-12,1859.99,27945,255,0.0091
12/8/2024,Paid Search 2024-12,17532.81,284774,2026,0.0071
12/8/2024,Social 2024-12,12579.28,278851,2583,0.0093
12/8/2024,Email 2024-12,2114.46,151305,764,0.005
12/8/2024,Affiliates 2024-12,2062.19,34734,270,0.0078
12/9/2024,Paid Search 2024-12,16704.35,236990,2125,0.009
12/9/2024,Social 2024-12,12666.85,240286,2301,0.0096
12/9/2024,Email 2024-12,2210.7,161691,734,0.0045
12/9/2024,Affiliates 2024-12,1860.14,32823,241,0.0073
12/10/2024,Paid Search 2024-12,17311.0,278242,2097,0.0075
12/10/2024,Social 2024-12,9805.63,182985,1796,0.0098
12/10/2024,Email 2024-12,2243.82,157776,795,0.005
12/10/2024,Affiliates 2024-12,1561.66,23679,227,0.0096
12/11/2024,Paid Search 2024-12,14091.26,188071,1733,0.0092
12/11/2024,Social 2024-12,10581.8,212780,1731,0.0081
12/11/2024,Email 2024-12,2433.50,173679,747,0.0043
12/11/2024,Affiliates 2024-12,2108.11,35769,264,0.0074
12/12/2024,Paid Search 2024-12,13652.87,189626,1692,0.0089
12/12/2024,Social 2024-12,10253.77,223266,2080,0.0093
12/12/2024,Email 2024-12,2959.02,182939,959,0.0052
12/12/2024,Affiliates 2024-12,1948.15,33087,275,0.0083
12/13/2024,Paid Search 2024-12,16400.72,225205,1820,0.0081
12/13/2024,Social 2024-12,10852.91,201148,1882,0.0094
12/13/2024,Email 2024-12,2276.54,149352,723,0.0048
12/13/2024,Affiliates 2024-12,1381.26,22028,186,0.0084
12/14/2024,Paid Search 2024-12,15318.11,245501,1612,0.0066
12/14/2024,Social 2024-12,10701.58,226256,2093,0.0093
12/14/2024,Email 2024-12,2360.52,146523,744,0.0051
12/14/2024,Affiliates 2024-12,2362.64,41612,342,0.0082
12/15/2024,Paid Search 2024-12,17850.88,273692,2277,0.0083
12/15/2024,Social 2024-12,9671.15,182587,1876,0.0103
12/15/2024,Email 2024-12,2806.88,184617,939,0.0051
12/15/2024,Affiliates 2024-12,2208.32,33427,259,0.0077
12/16/2024,Paid Search 2024-12,9784.1,145415,1072,0.0074
12/16/2024,Social 2024-12,10214.36,204685,1718,0.0084
12/16/2024,Email 2024-12,2897.06,185491,880,0.0047
12/16/2024,Affiliates 2024-12,1579.4,24280,179,0.0074
12/17/2024,Paid Search 2024-12,11708.15,173089,1304,0.0075
12/17/2024,Social 2024-12,7932.13,173813,1638,0.0094
12/17/2024,Email 2024-12,2359.58,156671,725,0.0046
12/17/2024,Affiliates 2024-12,1387.52,25115,175,0.007
12/18/2024,Paid Search 2024-12,12717.66,175238,1502,0.0086
12/18/2024,Social 2024-12,9788.38,181080,2098,0.0116
12/18/2024,Email 2024-12,2452.33,167417,721,0.0043
12/18/2024,Affiliates 2024-12,1873.93,33414,256,0.0077
12/19/2024,Paid Search 2024-12,16088.46,222270,1851,0.0083
12/19/2024,Social 2024-12,10130.88,225219,1787,0.0079
12/19/2024,Email 2024-12,2218.49,143803,847,0.0059
12/19/2024,Affiliates 2024-12,1414.37,24047,205,0.0085
12/20/2024,Paid Search 2024-12,16783.27,227661,1762,0.0077
12/20/2024,Social 2024-12,9988.46,191183,1628,0.0085
12/20/2024,Email 2024-12,2182.07,140151,779,0.0056
12/20/2024,Affiliates 2024-12,1732.45,26816,205,0.0076
12/21/2024,Paid Search 2024-12,13263.29,215819,1476,0.0068
12/21/2024,Social 2024-12,9776.68,203941,2137,0.0105
12/21/2024,Email 2024-12,2942.87,197611,1092,0.0055
12/21/2024,Affiliates 2024-12,1507.61,25602,173,0.0068
12/22/2024,Paid Search 2024-12,17904.44,239689,2190,0.0091
12/22/2024,Social 2024-12,11535.98,224977,2443,0.0109
12/22/2024,Email 2024-12,2472.62,170697,798,0.0047
12/22/2024,Affiliates 2024-12,2123.43,38812,305,0.0079
12/23/2024,Paid Search 2024-12,14323.01,224755,1358,0.006
12/23/2024,Social 2024-12,10012.66,221394,1674,0.0076
12/23/2024,Email 2024-12,2441.6,177800,728,0.0041
12/23/2024,Affiliates 2024-12,1461.29,26364,215,0.0082
12/24/2024,Paid Search 2024-12,12701.99,202417,1510,0.0075
12/24/2024,Social 2024-12,9970.55,213978,2036,0.0095
12/24/2024,Email 2024-12,2628.86,189416,772,0.0041
12/24/2024,Affiliates 2024-12,1590.41,24939,186,0.0075
12/25/2024,Paid Search 2024-12,16395.68,236930,2083,0.0088
12/25/2024,Social 2024-12,12912.27,255285,2381,0.0093
12/25/2024,Email 2024-12,3474.50,236348,1126,0.0048
12/25/2024,Affiliates 2024-12,1568.15,25493,190,0.0075
12/26/2024,Paid Search 2024-12,14214.19,218353,1419,0.0065
12/26/2024,Social 2024-12,8290.23,156414,1457,0.0093
12/26/2024,Email 2024-12,2644.94,165823,822,0.005
12/26/2024,Affiliates 2024-12,1390.34,22057,183,0.0083
12/27/2024,Paid Search 2024-12,15290.12,233430,1933,0.0083
12/27/2024,Social 2024-12,7056.54,138808,1244,0.009
12/27/2024,Email 2024-12,2628.44,192211,981,0.0051
12/27/2024,Affiliates 2024-12,1559.56,24109,181,0.0075
12/28/2024,Paid Search 2024-12,18973.98,300536,1853,0.0062
12/28/2024,Social 2024-12,9884.43,192751,1693,0.0088
12/28/2024,Email 2024-12,2805.11,195801,958,0.0049
12/28/2024,Affiliates 2024-12,1869.88,32785,242,0.0074
12/29/2024,Paid Search 2024-12,15105.09,206801,1900,0.0092
12/29/2024,Social 2024-12,9748.61,213828,1725,0.0081
12/29/2024,Email 2024-12,2434.09,154004,799,0.0052
12/29/2024,Affiliates 2024-12,2172.71,35048,322,0.0092
12/30/2024,Paid Search 2024-12,14998.71,207149,1538,0.0074
12/30/2024,Social 2024-12,9558.29,196760,1972,0.01
12/30/2024,Email 2024-12,3052.06,200807,1028,0.0051
12/30/2024,Affiliates 2024-12,1540.34,25580,233,0.0091
12/31/2024,Paid Search 2024-12,16588.96,231395,1873,0.0081
12/31/2024,Social 2024-12,8874.92,197227,1497,0.0076
12/31/2024,Email 2024-12,2797.48,182785,922,0.005
12/31/2024,Affiliates 2024-12,1480.76,26250,226,0.0086
1/1/2025,Paid Search 2025-01,8296.37,133249,825,0.0062
1/1/2025,Social 2025-01,7752.50,168390,1406,0.0083
1/1/2025,Email 2025-01,3298.73,207246,1196,0.0058
1/1/2025,Affiliates 2025-01,1655.16,24840,229,0.0092
1/2/2025,Paid Search 2025-01,11873.87,174440,1145,0.0066
1/2/2025,Social 2025-01,9249.87,185677,1831,0.0099
1/2/2025,Email 2025-01,2562.05,169474,911,0.0054
1/2/2025,Affiliates 2025-01,1599.63,29060,211,0.0073
1/3/2025,Paid Search 2025-01,11339.74,179621,1327,0.0074
1/3/2025,Social 2025-01,10543.5,227074,2244,0.0099
1/3/2025,Email 2025-01,2671.16,171042,933,0.0055
1/3/2025,Affiliates 2025-01,1890.96,30905,270,0.0087
1/4/2025,Paid Search 2025-01,17774.82,284770,1980,0.007
1/4/2025,Social 2025-01,12318.47,248044,2235,0.009
1/4/2025,Email 2025-01,2710.4,186742,792,0.0042
1/4/2025,Affiliates 2025-01,1789.84,28795,204,0.0071
1/5/2025,Paid Search 2025-01,20228.21,284494,2490,0.0088
1/5/2025,Social 2025-01,8847.36,168368,1571,0.0093
1/5/2025,Email 2025-01,3027.17,189804,1133,0.006
1/5/2025,Affiliates 2025-01,2027.71,34538,307,0.0089
1/6/2025,Paid Search 2025-01,15288.54,248065,1607,0.0065
1/6/2025,Social 2025-01,10516.98,211420,1716,0.0081
1/6/2025,Email 2025-01,2529.14,183309,828,0.0045
1/6/2025,Affiliates 2025-01,1720.69,28619,232,0.0081
1/7/2025,Paid Search 2025-01,14532.92,233072,1490,0.0064
1/7/2025,Social 2025-01,11268.65,242477,2454,0.0101
1/7/2025,Email 2025-01,2541.19,167937,842,0.005
1/7/2025,Affiliates 2025-01,1997.69,31682,249,0.0079
1/8/2025,Paid Search 2025-01,15360.89,241953,1562,0.0065
1/8/2025,Social 2025-01,10497.74,208280,1704,0.0082
1/8/2025,Email 2025-01,2787.20,196008,828,0.0042
1/8/2025,Affiliates 2025-01,1397.88,21865,214,0.0098
1/9/2025,Paid Search 2025-01,15018.61,241761,1728,0.0071
1/9/2025,Social 2025-01,10606.26,230215,1800,0.0078
1/9/2025,Email 2025-01,2685.31,165122,938,0.0057
1/9/2025,Affiliates 2025-01,1257.35,21174,163,0.0077
1/10/2025,Paid Search 2025-01,15418.63,250902,1791,0.0071
1/10/2025,Social 2025-01,10437.38,234510,2123,0.0091
1/10/2025,Email 2025-01,2821.8,171242,919,0.0054
1/10/2025,Affiliates 2025-01,1701.47,30241,246,0.0081
1/11/2025,Paid Search 2025-01,14531.13,225989,1528,0.0068
1/11/2025,Social 2025-01,10516.55,200360,2239,0.0112
1/11/2025,Email 2025-01,2526.29,169559,754,0.0044
1/11/2025,Affiliates 2025-01,1456.61,23967,165,0.0069
1/12/2025,Paid Search 2025-01,14396.05,227057,1672,0.0074
1/12/2025,Social 2025-01,10001.30,218413,2111,0.0097
1/12/2025,Email 2025-01,2804.87,183045,820,0.0045
1/12/2025,Affiliates 2025-01,1993.97,33260,285,0.0086
1/13/2025,Paid Search 2025-01,14751.82,206271,1574,0.0076
1/13/2025,Social 2025-01,9720.21,182878,1639,0.009
1/13/2025,Email 2025-01,2207.59,144184,807,0.0056
1/13/2025,Affiliates 2025-01,1707.05,28159,238,0.0085
1/14/2025,Paid Search 2025-01,16175.90,257513,2053,0.008
1/14/2025,Social 2025-01,7757.02,152406,1546,0.0101
1/14/2025,Email 2025-01,2054.26,145949,695,0.0048
1/14/2025,Affiliates 2025-01,1816.74,30893,209,0.0068
1/15/2025,Paid Search 2025-01,10900.55,169819,1181,0.007
1/15/2025,Social 2025-01,8096.90,158473,1489,0.0094
1/15/2025,Email 2025-01,2502.70,172741,850,0.0049
1/15/2025,Affiliates 2025-01,1598.15,28737,194,0.0068
1/16/2025,Paid Search 2025-01,14484.08,213289,1797,0.0084
1/16/2025,Social 2025-01,12063.56,233361,1994,0.0085
1/16/2025,Email 2025-01,2871.07,180459,1008,0.0056
1/16/2025,Affiliates 2025-01,1356.05,21136,176,0.0083
1/17/2025,Paid Search 2025-01,15724.42,226466,1653,0.0073
1/17/2025,Social 2025-01,8602.54,180361,1522,0.0084
1/17/2025,Email 2025-01,2510.7,153984,944,0.0061
1/17/2025,Affiliates 2025-01,1271.21,19584,175,0.0089
1/18/2025,Paid Search 2025-01,19894.96,296276,2422,0.0082
1/18/2025,Social 2025-01,10826.63,214264,2001,0.0093
1/18/2025,Email 2025-01,2573.06,160227,936,0.0058
1/18/2025,Affiliates 2025-01,1570.04,28631,208,0.0073
1/19/2025,Paid Search 2025-01,16166.31,221684,1841,0.0083
1/19/2025,Social 2025-01,10921.64,240439,1832,0.0076
1/19/2025,Email 2025-01,2327.67,153052,754,0.0049
1/19/2025,Affiliates 2025-01,1985.99,32381,299,0.0092
1/20/2025,Paid Search 2025-01,11953.00,175729,1355,0.0077
1/20/2025,Social 2025-01,10370.36,206161,1869,0.0091
1/20/2025,Email 2025-01,2263.83,157656,679,0.0043
1/20/2025,Affiliates 2025-01,1573.99,27573,213,0.0077
1/21/2025,Paid Search 2025-01,15601.30,235632,1955,0.0083
1/21/2025,Social 2025-01,9656.15,193815,2085,0.0108
1/21/2025,Email 2025-01,2626.64,158948,745,0.0047
1/21/2025,Affiliates 2025-01,1995.47,34877,228,0.0065
1/22/2025,Paid Search 2025-01,10974.10,146499,1206,0.0082
1/22/2025,Social 2025-01,9852.28,196967,2089,0.0106
1/22/2025,Email 2025-01,2594.87,182502,776,0.0043
1/22/2025,Affiliates 2025-01,1237.38,22535,188,0.0083
1/23/2025,Paid Search 2025-01,12817.19,204245,1464,0.0072
1/23/2025,Social 2025-01,7885.43,163835,1493,0.0091
1/23/2025,Email 2025-01,1775.50,115288,578,0.005
1/23/2025,Affiliates 2025-01,1460.51,25986,211,0.0081
1/24/2025,Paid Search 2025-01,14958.88,200514,1848,0.0092
1/24/2025,Social 2025-01,10271.57,196514,2068,0.0105
1/24/2025,Email 2025-01,2251.55,136296,777,0.0057
1/24/2025,Affiliates 2025-01,1849.76,28607,225,0.0079
1/25/2025,Paid Search 2025-01,17234.99,278176,1683,0.0061
1/25/2025,Social 2025-01,11937.71,224342,2597,0.0116
1/25/2025,Email 2025-01,3155.63,207389,1094,0.0053
1/25/2025,Affiliates 2025-01,1731.06,31698,233,0.0074
1/26/2025,Paid Search 2025-01,18945.05,269539,2234,0.0083
1/26/2025,Social 2025-01,9769.61,213928,2104,0.0098
1/26/2025,Email 2025-01,3027.66,203253,904,0.0044
1/26/2025,Affiliates 2025-01,1727.54,28475,223,0.0078
1/27/2025,Paid Search 2025-01,18028.14,250490,1889,0.0075
1/27/2025,Social 2025-01,11308.86,249017,1891,0.0076
1/27/2025,Email 2025-01,2942.17,209566,1120,0.0053
1/27/2025,Affiliates 2025-01,1232.76,20733,178,0.0086
1/28/2025,Paid Search 2025-01,16375.88,252544,2077,0.0082
1/28/2025,Social 2025-01,6437.32,128392,1184,0.0092
1/28/2025,Email 2025-01,2297.60,161747,668,0.0041
1/28/2025,Affiliates 2025-01,1595.2,24114,219,0.0091
1/29/2025,Paid Search 2025-01,14751.49,206245,1872,0.0091
1/29/2025,Social 2025-01,10527.91,204570,2292,0.0112
1/29/2025,Email 2025-01,2213.98,138598,641,0.0046
1/29/2025,Affiliates 2025-01,1935,33062,260,0.0079
1/30/2025,Paid Search 2025-01,16712.24,265619,1922,0.0072
1/30/2025,Social 2025-01,11051.27,214266,1846,0.0086
1/30/2025,Email 2025-01,3017.63,212070,969,0.0046
1/30/2025,Affiliates 2025-01,1506.50,25877,190,0.0073
1/31/2025,Paid Search 2025-01,13053.24,201963,1332,0.0066
1/31/2025,Social 2025-01,11727.61,221672,2024,0.0091
1/31/2025,Email 2025-01,1997.05,131449,667,0.0051
1/31/2025,Affiliates 2025-01,1061.87,17420,140,0.008
2/1/2025,Paid Search 2025-02,17358.66,264243,1771,0.0067
2/1/2025,Social 2025-02,12353.98,273523,2331,0.0085
2/1/2025,Email 2025-02,2306.34,158312,843,0.0053
2/1/2025,Affiliates 2025-02,1704.1,30424,236,0.0078
2/2/2025,Paid Search 2025-02,16009.81,245334,1865,0.0076
2/2/2025,Social 2025-02,9686.37,211098,1803,0.0085
2/2/2025,Email 2025-02,2865.09,180137,943,0.0052
2/2/2025,Affiliates 2025-02,1324.52,22635,160,0.0071
2/3/2025,Paid Search 2025-02,11676.20,159513,1208,0.0076
2/3/2025,Social 2025-02,7604.3,149476,1317,0.0088
2/3/2025,Email 2025-02,2844.62,197535,1022,0.0052
2/3/2025,Affiliates 2025-02,1447.32,22421,191,0.0085
2/4/2025,Paid Search 2025-02,14587.06,218275,1439,0.0066
2/4/2025,Social 2025-02,7884.80,170868,1493,0.0087
2/4/2025,Email 2025-02,2267.87,160883,744,0.0046
2/4/2025,Affiliates 2025-02,1483.84,24569,178,0.0072
2/5/2025,Paid Search 2025-02,14923.22,212853,1783,0.0084
2/5/2025,Social 2025-02,9314.78,183542,1741,0.0095
2/5/2025,Email 2025-02,1782.40,129045,641,0.005
2/5/2025,Affiliates 2025-02,1964.4,36006,290,0.0081
2/6/2025,Paid Search 2025-02,10725.74,168162,1337,0.008
2/6/2025,Social 2025-02,10245.02,209196,1667,0.008
2/6/2025,Email 2025-02,2609.08,175753,887,0.005
2/6/2025,Affiliates 2025-02,1308.27,23082,160,0.0069
2/7/2025,Paid Search 2025-02,13015.2,207853,1607,0.0077
2/7/2025,Social 2025-02,10683.50,223807,1893,0.0085
2/7/2025,Email 2025-02,2330.00,149004,789,0.0053
2/7/2025,Affiliates 2025-02,1622.95,29479,187,0.0063
2/8/2025,Paid Search 2025-02,16662.31,231639,1952,0.0084
2/8/2025,Social 2025-02,12640.67,280728,2237,0.008
2/8/2025,Email 2025-02,2866.60,180987,1045,0.0058
2/8/2025,Affiliates 2025-02,1832.51,30114,227,0.0075
2/9/2025,Paid Search 2025-02,12570.80,196359,1512,0.0077
2/9/2025,Social 2025-02,11601.86,214393,2019,0.0094
2/9/2025,Email 2025-02,3360.84,210971,965,0.0046
2/9/2025,Affiliates 2025-02,1892.12,30874,221,0.0072
2/10/2025,Paid Search 2025-02,11654.23,162140,1174,0.0072
2/10/2025,Social 2025-02,9320.31,196625,1967,0.01
2/10/2025,Email 2025-02,2476.46,161906,803,0.005
2/10/2025,Affiliates 2025-02,1610.98,28216,229,0.0081
2/11/2025,Paid Search 2025-02,16761.28,232689,1695,0.0073
2/11/2025,Social 2025-02,11028.57,244669,2287,0.0093
2/11/2025,Email 2025-02,2250.53,142675,699,0.0049
2/11/2025,Affiliates 2025-02,1813.40,28559,234,0.0082
2/12/2025,Paid Search 2025-02,11447.87,158131,1094,0.0069
2/12/2025,Social 2025-02,10518.59,233777,1829,0.0078
2/12/2025,Email 2025-02,3007.10,182451,920,0.005
2/12/2025,Affiliates 2025-02,1791.04,31402,247,0.0079
2/13/2025,Paid Search 2025-02,15652.02,242473,1967,0.0081
2/13/2025,Social 2025-02,11889.88,255834,2283,0.0089
2/13/2025,Email 2025-02,2755.28,169646,859,0.0051
2/13/2025,Affiliates 2025-02,1355.34,22962,180,0.0078
2/14/2025,Paid Search 2025-02,15365.44,216105,1918,0.0089
2/14/2025,Social 2025-02,10912.19,209895,2092,0.01
2/14/2025,Email 2025-02,2829.02,204362,1005,0.0049
2/14/2025,Affiliates 2025-02,2059.81,34151,286,0.0084
2/15/2025,Paid Search 2025-02,17153.61,273214,1855,0.0068
2/15/2025,Social 2025-02,11906.48,267681,2188,0.0082
2/15/2025,Email 2025-02,2656.71,171334,957,0.0056
2/15/2025,Affiliates 2025-02,2094.65,31590,306,0.0097
2/16/2025,Paid Search 2025-02,13961.05,206648,1580,0.0076
2/16/2025,Social 2025-02,9749.20,181220,2060,0.0114
2/16/2025,Email 2025-02,2914.6,204008,840,0.0041
2/16/2025,Affiliates 2025-02,1911.79,34321,273,0.008
2/17/2025,Paid Search 2025-02,12703.19,178623,1529,0.0086
2/17/2025,Social 2025-02,7094.63,151643,1537,0.0101
2/17/2025,Email 2025-02,2639.83,175148,888,0.0051
2/17/2025,Affiliates 2025-02,1604.04,28808,194,0.0067
2/18/2025,Paid Search 2025-02,13399.08,184253,1523,0.0083
2/18/2025,Social 2025-02,9397.72,186302,2016,0.0108
2/18/2025,Email 2025-02,2502.02,154127,731,0.0047
2/18/2025,Affiliates 2025-02,1667.57,25750,193,0.0075
2/19/2025,Paid Search 2025-02,13385.39,203494,1609,0.0079
2/19/2025,Social 2025-02,10063.22,215208,1929,0.009
2/19/2025,Email 2025-02,2250.12,140098,742,0.0053
2/19/2025,Affiliates 2025-02,1416.49,22410,169,0.0075
2/20/2025,Paid Search 2025-02,15217.77,241518,1785,0.0074
2/20/2025,Social 2025-02,9702.95,187754,1741,0.0093
2/20/2025,Email 2025-02,2428.97,164160,759,0.0046
2/20/2025,Affiliates 2025-02,1887.92,32159,260,0.0081
2/21/2025,Paid Search 2025-02,12063.50,184964,1418,0.0077
2/21/2025,Social 2025-02,8371.89,168606,1569,0.0093
2/21/2025,Email 2025-02,1996.3,139550,653,0.0047
2/21/2025,Affiliates 2025-02,1641.91,27360,217,0.0079
2/22/2025,Paid Search 2025-02,20115.46,299714,2229,0.0074
2/22/2025,Social 2025-02,9872.21,203142,1638,0.0081
2/22/2025,Email 2025-02,2089.01,138385,694,0.005
2/22/2025,Affiliates 2025-02,2036.25,32016,245,0.0077
2/23/2025,Paid Search 2025-02,11777.39,183875,1281,0.007
2/23/2025,Social 2025-02,7677.09,146590,1493,0.0102
2/23/2025,Email 2025-02,2369.54,152479,819,0.0054
2/23/2025,Affiliates 2025-02,1718.01,27091,246,0.0091
2/24/2025,Paid Search 2025-02,15700.73,248873,1878,0.0075
2/24/2025,Social 2025-02,7161.56,139571,1276,0.0091
2/24/2025,Email 2025-02,2567.18,187927,982,0.0052
2/24/2025,Affiliates 2025-02,1794.4,32495,265,0.0082
2/25/2025,Paid Search 2025-02,17124.32,243708,2092,0.0086
2/25/2025,Social 2025-02,11983.13,265772,2614,0.0098
2/25/2025,Email 2025-02,2572.41,173115,811,0.0047
2/25/2025,Affiliates 2025-02,1766.52,28902,245,0.0085
2/26/2025,Paid Search 2025-02,16902.24,231734,1782,0.0077
2/26/2025,Social 2025-02,11711.43,227159,2194,0.0097
2/26/2025,Email 2025-02,2511.53,161286,716,0.0044
2/26/2025,Affiliates 2025-02,1570.46,23896,195,0.0082
2/27/2025,Paid Search 2025-02,15953.25,252831,1518,0.006
2/27/2025,Social 2025-02,10588.29,214713,1983,0.0092
2/27/2025,Email 2025-02,3069.78,184637,1143,0.0062
2/27/2025,Affiliates 2025-02,1738.56,26947,235,0.0087
2/28/2025,Paid Search 2025-02,16928.66,255782,2007,0.0078
2/28/2025,Social 2025-02,8625.2,176120,1544,0.0088
2/28/2025,Email 2025-02,2738.58,177175,788,0.0044
2/28/2025,Affiliates 2025-02,1409.35,24165,184,0.0076
3/1/2025,Paid Search 2025-03,13671.52,211116,1660,0.0079
3/1/2025,Social 2025-03,11061.59,215357,2172,0.0101
3/1/2025,Email 2025-03,2263.4,148297,744,0.005
3/1/2025,Affiliates 2025-03,1662.18,26048,249,0.0096
3/2/2025,Paid Search 2025-03,14388.88,232435,1802,0.0078
3/2/2025,Social 2025-03,10461.26,232010,2273,0.0098
3/2/2025,Email 2025-03,2265.79,161619,659,0.0041
3/2/2025,Affiliates 2025-03,1928.96,32611,250,0.0077
3/3/2025,Paid Search 2025-03,13608.73,210876,1319,0.0063
3/3/2025,Social 2025-03,6886.64,135959,1315,0.0097
3/3/2025,Email 2025-03,2190.13,136512,701,0.0051
3/3/2025,Affiliates 2025-03,1181.96,20621,178,0.0086
3/4/2025,Paid Search 2025-03,12126.37,192287,1298,0.0068
3/4/2025,Social 2025-03,8464.78,165228,1818,0.011
3/4/2025,Email 2025-03,2105.44,128808,628,0.0049
3/4/2025,Affiliates 2025-03,1320.87,21905,153,0.007
3/5/2025,Paid Search 2025-03,13007.29,206023,1373,0.0067
3/5/2025,Social 2025-03,9865.38,220700,1848,0.0084
3/5/2025,Email 2025-03,2005.78,133431,745,0.0056
3/5/2025,Affiliates 2025-03,1350.44,20469,190,0.0093
3/6/2025,Paid Search 2025-03,12885.80,187630,1406,0.0075
3/6/2025,Social 2025-03,8359.87,175407,1368,0.0078
3/6/2025,Email 2025-03,1945.25,117072,572,0.0049
3/6/2025,Affiliates 2025-03,1768.01,31295,228,0.0073
3/7/2025,Paid Search 2025-03,13632.80,182652,1557,0.0085
3/7/2025,Social 2025-03,8928.3,168503,1660,0.0099
3/7/2025,Email 2025-03,2563.91,174392,732,0.0042
3/7/2025,Affiliates 2025-03,1450.6,24816,210,0.0085
3/8/2025,Paid Search 2025-03,15241.66,223315,1461,0.0065
3/8/2025,Social 2025-03,9679.7,217923,1753,0.008
3/8/2025,Email 2025-03,2423.78,155894,890,0.0057
3/8/2025,Affiliates 2025-03,1533.44,23670,202,0.0085
3/9/2025,Paid Search 2025-03,15146.17,220961,1476,0.0067
3/9/2025,Social 2025-03,10471.25,204434,2276,0.0111
3/9/2025,Email 2025-03,2630.75,167648,863,0.0051
3/9/2025,Affiliates 2025-03,1109.84,20260,149,0.0074
3/10/2025,Paid Search 2025-03,12196.12,176774,1164,0.0066
3/10/2025,Social 2025-03,10148.50,215452,1748,0.0081
3/10/2025,Email 2025-03,2262.08,157343,719,0.0046
3/10/2025,Affiliates 2025-03,1324.79,22397,195,0.0087
3/11/2025,Paid Search 2025-03,15451.4,207803,1635,0.0079
3/11/2025,Social 2025-03,7099.89,152836,1246,0.0082
3/11/2025,Email 2025-03,2403.54,163649,906,0.0055
3/11/2025,Affiliates 2025-03,1451.0,23416,222,0.0095
3/12/2025,Paid Search 2025-03,13995.48,193984,1570,0.0081
3/12/2025,Social 2025-03,9065.91,177211,1948,0.011
3/12/2025,Email 2025-03,1988.57,126576,611,0.0048
3/12/2025,Affiliates 2025-03,1417.4,23081,182,0.0079
3/13/2025,Paid Search 2025-03,9662.87,129559,941,0.0073
3/13/2025,Social 2025-03,8152.04,181553,1781,0.0098
3/13/2025,Email 2025-03,2238.43,157404,704,0.0045
3/13/2025,Affiliates 2025-03,1640.82,26987,244,0.009
3/14/2025,Paid Search 2025-03,14489.91,233093,1517,0.0065
3/14/2025,Social 2025-03,7743.85,145926,1594,0.0109
3/14/2025,Email 2025-03,1865.60,131816,672,0.0051
3/14/2025,Affiliates 2025-03,1877.21,29884,220,0.0074
3/15/2025,Paid Search 2025-03,14123.22,199407,1544,0.0077
3/15/2025,Social 2025-03,10324.38,202054,2190,0.0108
3/15/2025,Email 2025-03,2501.30,166836,790,0.0047
3/15/2025,Affiliates 2025-03,1417.5,21979,189,0.0086
3/16/2025,Paid Search 2025-03,19029.17,300176,2059,0.0069
3/16/2025,Social 2025-03,10957.52,245789,2265,0.0092
3/16/2025,Email 2025-03,2077.6,129363,698,0.0054
3/16/2025,Affiliates 2025-03,1742.02,31528,215,0.0068
3/17/2025,Paid Search 2025-03,18108.83,244608,2145,0.0088
3/17/2025,Social 2025-03,8486.21,174502,1406,0.0081
3/17/2025,Email 2025-03,2305.61,167142,680,0.0041
3/17/2025,Affiliates 2025-03,1443.63,24482,182,0.0074
3/18/2025,Paid Search 2025-03,14430.11,196854,1438,0.0073
3/18/2025,Social 2025-03,10368.58,195152,2225,0.0114
3/18/2025,Email 2025-03,3268.01,209793,1235,0.0059
3/18/2025,Affiliates 2025-03,1334.05,20855,173,0.0083
3/19/2025,Paid Search 2025-03,13349.92,180655,1574,0.0087
3/19/2025,Social 2025-03,9947.99,210405,1803,0.0086
3/19/2025,Email 2025-03,1904.32,136508,682,0.005
3/19/2025,Affiliates 2025-03,1424.91,23925,182,0.0076
3/20/2025,Paid Search 2025-03,13386.62,188584,1428,0.0076
3/20/2025,Social 2025-03,8630.05,181521,1526,0.0084
3/20/2025,Email 2025-03,2124.13,149308,715,0.0048
3/20/2025,Affiliates 2025-03,1542.89,25827,234,0.0091
3/21/2025,Paid Search 2025-03,13510.54,197317,1302,0.0066
3/21/2025,Social 2025-03,10812.80,203736,2033,0.01
3/21/2025,Email 2025-03,1865.49,124557,668,0.0054
3/21/2025,Affiliates 2025-03,1485.31,25311,205,0.0081
3/22/2025,Paid Search 2025-03,16030.83,215474,1978,0.0092
3/22/2025,Social 2025-03,9507.33,200810,2006,0.01
3/22/2025,Email 2025-03,2455.70,170385,779,0.0046
3/22/2025,Affiliates 2025-03,1347.89,23652,200,0.0085
3/23/2025,Paid Search 2025-03,12691.70,195854,1609,0.0082
3/23/2025,Social 2025-03,7927.1,147632,1418,0.0096
3/23/2025,Email 2025-03,1821.9,127034,517,0.0041
3/23/2025,Affiliates 2025-03,1518.87,25243,200,0.0079
3/24/2025,Paid Search 2025-03,14642.54,213939,1637,0.0077
3/24/2025,Social 2025-03,10981.24,206278,2402,0.0116
3/24/2025,Email 2025-03,2141.25,136682,682,0.005
3/24/2025,Affiliates 2025-03,1694.53,30610,225,0.0074
3/25/2025,Paid Search 2025-03,12946.94,175705,1396,0.0079
3/25/2025,Social 2025-03,10025.19,193228,1742,0.009
3/25/2025,Email 2025-03,2101.59,136652,717,0.0052
3/25/2025,Affiliates 2025-03,1576.09,27265,205,0.0075
3/26/2025,Paid Search 2025-03,14248.30,192896,1615,0.0084
3/26/2025,Social 2025-03,8665.3,170214,1763,0.0104
3/26/2025,Email 2025-03,2342.14,166620,865,0.0052
3/26/2025,Affiliates 2025-03,1274.50,22743,147,0.0065
3/27/2025,Paid Search 2025-03,9111.59,142964,989,0.0069
3/27/2025,Social 2025-03,11091.7,211600,2422,0.0114
3/27/2025,Email 2025-03,2251.41,161691,745,0.0046
3/27/2025,Affiliates 2025-03,1648.18,27022,204,0.0075
3/28/2025,Paid Search 2025-03,17193.13,245894,1888,0.0077
3/28/2025,Social 2025-03,9721.64,185456,1776,0.0096
3/28/2025,Email 2025-03,1684.46,116651,499,0.0043
3/28/2025,Affiliates 2025-03,1267.40,19047,151,0.0079
3/29/2025,Paid Search 2025-03,14707.02,198049,1872,0.0095
3/29/2025,Social 2025-03,10192.33,219781,1995,0.0091
3/29/2025,Email 2025-03,1682.34,123175,576,0.0047
3/29/2025,Affiliates 2025-03,1514.78,25525,179,0.007
3/30/2025,Paid Search 2025-03,16946.96,270776,2025,0.0075
3/30/2025,Social 2025-03,8062.76,158688,1561,0.0098
3/30/2025,Email 2025-03,3078.99,224749,1082,0.0048
3/30/2025,Affiliates 2025-03,1592.09,24450,211,0.0086
3/31/2025,Paid Search 2025-03,15398.06,247804,1488,0.006
3/31/2025,Social 2025-03,7339.46,138416,1509,0.0109
3/31/2025,Email 2025-03,2251.48,155857,653,0.0042
3/31/2025,Affiliates 2025-03,1585.3,27575,232,0.0084
4/1/2025,Paid Search 2025-04,10625.58,171802,1250,0.0073
4/1/2025,Social 2025-04,7501.2,161752,1401,0.0087
4/1/2025,Email 2025-04,1603.71,107757,486,0.0045
4/1/2025,Affiliates 2025-04,1359.44,22223,156,0.007
4/2/2025,Paid Search 2025-04,12668.62,195949,1474,0.0075
4/2/2025,Social 2025-04,9843.74,203437,1945,0.0096
4/2/2025,Email 2025-04,1855.38,124369,576,0.0046
4/2/2025,Affiliates 2025-04,1111.43,18865,129,0.0068
4/3/2025,Paid Search 2025-04,11244.24,169694,1372,0.0081
4/3/2025,Social 2025-04,7930.86,174531,1486,0.0085
4/3/2025,Email 2025-04,1754.39,106441,561,0.0053
4/3/2025,Affiliates 2025-04,1424.96,25858,182,0.007
4/4/2025,Paid Search 2025-04,12758.24,182898,1249,0.0068
4/4/2025,Social 2025-04,7715.90,167856,1589,0.0095
4/4/2025,Email 2025-04,1945.72,140696,561,0.004
4/4/2025,Affiliates 2025-04,1519.32,23862,205,0.0086
4/5/2025,Paid Search 2025-04,16305.50,250404,1558,0.0062
4/5/2025,Social 2025-04,11525.39,215297,2048,0.0095
4/5/2025,Email 2025-04,2866.11,196512,964,0.0049
4/5/2025,Affiliates 2025-04,1817.56,27849,214,0.0077
4/6/2025,Paid Search 2025-04,13454.45,188429,1336,0.0071
4/6/2025,Social 2025-04,8548.7,177577,1463,0.0082
4/6/2025,Email 2025-04,2739.01,169854,1025,0.006
4/6/2025,Affiliates 2025-04,1852.94,31693,271,0.0086
4/7/2025,Paid Search 2025-04,10493.02,140419,1232,0.0088
4/7/2025,Social 2025-04,11149.52,223094,2303,0.0103
4/7/2025,Email 2025-04,2227.25,146611,744,0.0051
4/7/2025,Affiliates 2025-04,1660.53,26985,223,0.0083
4/8/2025,Paid Search 2025-04,13851.32,196748,1455,0.0074
4/8/2025,Social 2025-04,10176.5,227535,2021,0.0089
4/8/2025,Email 2025-04,2183.06,138621,624,0.0045
4/8/2025,Affiliates 2025-04,1523.83,26302,210,0.008
4/9/2025,Paid Search 2025-04,16018.08,232372,1835,0.0079
4/9/2025,Social 2025-04,7682.31,173204,1531,0.0088
4/9/2025,Email 2025-04,2309.71,164043,827,0.005
4/9/2025,Affiliates 2025-04,1638.32,29265,231,0.0079
4/10/2025,Paid Search 2025-04,14038.10,195270,1361,0.007
4/10/2025,Social 2025-04,8826.7,168964,1597,0.0095
4/10/2025,Email 2025-04,2510.04,180493,903,0.005
4/10/2025,Affiliates 2025-04,1358.20,24507,169,0.0069
4/11/2025,Paid Search 2025-04,10669.94,172320,1342,0.0078
4/11/2025,Social 2025-04,9756.41,210276,1834,0.0087
4/11/2025,Email 2025-04,1967.71,124163,678,0.0055
4/11/2025,Affiliates 2025-04,1542.65,27352,229,0.0084
4/12/2025,Paid Search 2025-04,11742.19,173758,1215,0.007
4/12/2025,Social 2025-04,11684.0,258947,2441,0.0094
4/12/2025,Email 2025-04,2717.44,196808,831,0.0042
4/12/2025,Affiliates 2025-04,1440.89,23258,195,0.0084
4/13/2025,Paid Search 2025-04,14874.83,220216,1445,0.0066
4/13/2025,Social 2025-04,10380.66,209895,1989,0.0095
4/13/2025,Email 2025-04,2061.50,129142,753,0.0058
4/13/2025,Affiliates 2025-04,1937.42,34634,264,0.0076
4/14/2025,Paid Search 2025-04,16264.16,255347,1931,0.0076
4/14/2025,Social 2025-04,10344.23,208801,2261,0.0108
4/14/2025,Email 2025-04,2561.99,185383,841,0.0045
4/14/2025,Affiliates 2025-04,1571.96,24762,184,0.0074
4/15/2025,Paid Search 2025-04,15459.72,217397,1663,0.0076
4/15/2025,Social 2025-04,8521.89,159778,1815,0.0114
4/15/2025,Email 2025-04,1878.29,123898,647,0.0052
4/15/2025,Affiliates 2025-04,1421.36,23694,194,0.0082
4/16/2025,Paid Search 2025-04,15961.18,228960,1904,0.0083
4/16/2025,Social 2025-04,8846.66,184470,1509,0.0082
4/16/2025,Email 2025-04,2313.74,159536,710,0.0045
4/16/2025,Affiliates 2025-04,1495.69,24336,226,0.0093
4/17/2025,Paid Search 2025-04,14824.22,204941,1832,0.0089
4/17/2025,Social 2025-04,9339.87,205792,1722,0.0084
4/17/2025,Email 2025-04,2105.7,149147,678,0.0045
4/17/2025,Affiliates 2025-04,1319.38,20801,196,0.0094
4/18/2025,Paid Search 2025-04,13029.71,183275,1652,0.009
4/18/2025,Social 2025-04,7451.57,152949,1302,0.0085
4/18/2025,Email 2025-04,1887.70,126156,639,0.0051
4/18/2025,Affiliates 2025-04,1535.21,23887,199,0.0083
4/19/2025,Paid Search 2025-04,13004.45,188553,1287,0.0068
4/19/2025,Social 2025-04,8625.03,178871,1543,0.0086
4/19/2025,Email 2025-04,2769.20,172854,912,0.0053
4/19/2025,Affiliates 2025-04,1793.57,27460,244,0.0089
4/20/2025,Paid Search 2025-04,14641.12,210856,1756,0.0083
4/20/2025,Social 2025-04,8546.72,175213,1474,0.0084
4/20/2025,Email 2025-04,2271.72,161667,808,0.005
4/20/2025,Affiliates 2025-04,1556.13,27853,226,0.0081
4/21/2025,Paid Search 2025-04,15570.11,237716,1743,0.0073
4/21/2025,Social 2025-04,7424.38,139272,1336,0.0096
4/21/2025,Email 2025-04,2542.1,181037,891,0.0049
4/21/2025,Affiliates 2025-04,918.3,16490,133,0.0081
4/22/2025,Paid Search 2025-04,15388.79,234757,1635,0.007
4/22/2025,Social 2025-04,8636.99,163596,1465,0.009
4/22/2025,Email 2025-04,2010.70,126449,640,0.0051
4/22/2025,Affiliates 2025-04,1589.60,28798,214,0.0074
4/23/2025,Paid Search 2025-04,14113.71,219121,1368,0.0062
4/23/2025,Social 2025-04,8120.32,170793,1583,0.0093
4/23/2025,Email 2025-04,2218.11,162609,799,0.0049
4/23/2025,Affiliates 2025-04,1596.98,24588,219,0.0089
4/24/2025,Paid Search 2025-04,10258.54,142367,1218,0.0086
4/24/2025,Social 2025-04,7719.66,164480,1635,0.0099
4/24/2025,Email 2025-04,2133.47,136044,723,0.0053
4/24/2025,Affiliates 2025-04,1672.07,26685,251,0.0094
4/25/2025,Paid Search 2025-04,13402.8,217651,1692,0.0078
4/25/2025,Social 2025-04,8365.19,182318,1459,0.008
4/25/2025,Email 2025-04,1660.46,109873,545,0.005
4/25/2025,Affiliates 2025-04,1735.75,29796,241,0.0081
4/26/2025,Paid Search 2025-04,13726.61,215027,1317,0.0061
4/26/2025,Social 2025-04,10323.89,199465,1816,0.0091
4/26/2025,Email 2025-04,2483.5,174423,719,0.0041
4/26/2025,Affiliates 2025-04,1612.57,28569,210,0.0074
4/27/2025,Paid Search 2025-04,18389.07,281195,2312,0.0082
4/27/2025,Social 2025-04,11762.65,237155,2212,0.0093
4/27/2025,Email 2025-04,2311.08,151448,678,0.0045
4/27/2025,Affiliates 2025-04,1809.03,32747,245,0.0075
4/28/2025,Paid Search 2025-04,14008.31,187618,1536,0.0082
4/28/2025,Social 2025-04,7088.28,142530,1258,0.0088
4/28/2025,Email 2025-04,1895.71,116107,567,0.0049
4/28/2025,Affiliates 2025-04,1584.3,24935,214,0.0086
4/29/2025,Paid Search 2025-04,15218.69,208636,1492,0.0072
4/29/2025,Social 2025-04,9728.64,203963,1918,0.0094
4/29/2025,Email 2025-04,2682.74,168261,1021,0.0061
4/29/2025,Affiliates 2025-04,1299.67,23529,167,0.0071
4/30/2025,Paid Search 2025-04,15252.92,232692,1633,0.007
4/30/2025,Social 2025-04,9282.69,192996,1992,0.0103
4/30/2025,Email 2025-04,1829.72,126213,616,0.0049
4/30/2025,Affiliates 2025-04,1560.05,27843,192,0.0069
5/1/2025,Paid Search 2025-05,14474.71,193316,1849,0.0096
5/1/2025,Social 2025-05,9454.46,197420,1563,0.0079
5/1/2025,Email 2025-05,2463.56,170717,787,0.0046
5/1/2025,Affiliates 2025-05,1199.20,21513,162,0.0075
5/2/2025,Paid Search 2025-05,14345.64,194925,1508,0.0077
5/2/2025,Social 2025-05,6273.57,121545,1369,0.0113
5/2/2025,Email 2025-05,1965.46,128889,612,0.0047
5/2/2025,Affiliates 2025-05,1759.99,31534,266,0.0084
5/3/2025,Paid Search 2025-05,16242.47,260523,1614,0.0062
5/3/2025,Social 2025-05,9194.02,170181,1571,0.0092
5/3/2025,Email 2025-05,2492.08,169201,731,0.0043
5/3/2025,Affiliates 2025-05,1679.87,26785,211,0.0079
5/4/2025,Paid Search 2025-05,11561.81,176452,1272,0.0072
5/4/2025,Social 2025-05,10805.72,235820,2061,0.0087
5/4/2025,Email 2025-05,2747.27,196891,975,0.005
5/4/2025,Affiliates 2025-05,1153.91,19640,135,0.0069
5/5/2025,Paid Search 2025-05,15614.17,233582,1506,0.0064
5/5/2025,Social 2025-05,9446.32,206244,1956,0.0095
5/5/2025,Email 2025-05,2517.02,166891,854,0.0051
5/5/2025,Affiliates 2025-05,1360.19,20847,207,0.0099
5/6/2025,Paid Search 2025-05,15497.61,240875,1590,0.0066
5/6/2025,Social 2025-05,11113.6,210223,2174,0.0103
5/6/2025,Email 2025-05,2721.61,195567,850,0.0043
5/6/2025,Affiliates 2025-05,1601.97,27815,199,0.0072
5/7/2025,Paid Search 2025-05,14136.70,198318,1488,0.0075
5/7/2025,Social 2025-05,9064.66,188571,1713,0.0091
5/7/2025,Email 2025-05,2221.72,158769,688,0.0043
5/7/2025,Affiliates 2025-05,1240.54,18874,179,0.0095
5/8/2025,Paid Search 2025-05,12814.69,197672,1631,0.0083
5/8/2025,Social 2025-05,10085.68,212494,1739,0.0082
5/8/2025,Email 2025-05,2431.92,160421,875,0.0055
5/8/2025,Affiliates 2025-05,1397.57,22121,209,0.0094
5/9/2025,Paid Search 2025-05,12279.71,192212,1425,0.0074
5/9/2025,Social 2025-05,7566.17,144390,1491,0.0103
5/9/2025,Email 2025-05,2554.97,168352,876,0.0052
5/9/2025,Affiliates 2025-05,1930.2,31822,247,0.0078
5/10/2025,Paid Search 2025-05,12626.42,185129,1500,0.0081
5/10/2025,Social 2025-05,10384.97,222549,2165,0.0097
5/10/2025,Email 2025-05,2179.26,148508,691,0.0047
5/10/2025,Affiliates 2025-05,1773.38,27274,216,0.0079
5/11/2025,Paid Search 2025-05,15019.49,214334,1799,0.0084
5/11/2025,Social 2025-05,9141.2,203227,1765,0.0087
5/11/2025,Email 2025-05,2041.26,123767,673,0.0054
5/11/2025,Affiliates 2025-05,1466.19,22823,181,0.0079
5/12/2025,Paid Search 2025-05,13796.92,215061,1744,0.0081
5/12/2025,Social 2025-05,9205.22,194354,1664,0.0086
5/12/2025,Email 2025-05,2767.49,175466,867,0.0049
5/12/2025,Affiliates 2025-05,1391.96,23813,182,0.0076
5/13/2025,Paid Search 2025-05,12476.54,176439,1290,0.0073
5/13/2025,Social 2025-05,9204.83,187086,1664,0.0089
5/13/2025,Email 2025-05,2364.2,145916,797,0.0055
5/13/2025,Affiliates 2025-05,1544.76,27811,201,0.0072
5/14/2025,Paid Search 2025-05,11277.08,175789,1336,0.0076
5/14/2025,Social 2025-05,10635.20,212771,2194,0.0103
5/14/2025,Email 2025-05,2167.58,131895,830,0.0063
5/14/2025,Affiliates 2025-05,1700.79,29546,242,0.0082
5/15/2025,Paid Search 2025-05,14569.92,220104,1376,0.0063
5/15/2025,Social 2025-05,7065.6,140058,1219,0.0087
5/15/2025,Email 2025-05,2107.07,135192,790,0.0058
5/15/2025,Affiliates 2025-05,1410.78,24523,167,0.0068
5/16/2025,Paid Search 2025-05,16097.05,223620,1571,0.007
5/16/2025,Social 2025-05,11200.82,237663,2444,0.0103
5/16/2025,Email 2025-05,3064.32,185501,1075,0.0058
5/16/2025,Affiliates 2025-05,1596.21,26641,181,0.0068
5/17/2025,Paid Search 2025-05,15415.07,213471,1708,0.008
5/17/2025,Social 2025-05,9325.37,205218,1897,0.0092
5/17/2025,Email 2025-05,2451.93,147993,742,0.005
5/17/2025,Affiliates 2025-05,1546.3,25194,215,0.0085
5/18/2025,Paid Search 2025-05,14770.40,237717,1470,0.0062
5/18/2025,Social 2025-05,10682.0,225665,2289,0.0101
5/18/2025,Email 2025-05,2628.98,159932,745,0.0047
5/18/2025,Affiliates 2025-05,1420.66,24630,180,0.0073
5/19/2025,Paid Search 2025-05,14629.93,227485,1453,0.0064
5/19/2025,Social 2025-05,7351.00,145680,1308,0.009
5/19/2025,Email 2025-05,2497.14,172986,897,0.0052
5/19/2025,Affiliates 2025-05,1638.05,25634,230,0.009
5/20/2025,Paid Search 2025-05,13239.1,180919,1444,0.008
5/20/2025,Social 2025-05,8018.09,152386,1373,0.009
5/20/2025,Email 2025-05,2294.44,147519,731,0.005
5/20/2025,Affiliates 2025-05,1580.94,25294,237,0.0094
5/21/2025,Paid Search 2025-05,11705.0,183877,1240,0.0067
5/21/2025,Social 2025-05,8992.86,186424,1955,0.0105
5/21/2025,Email 2025-05,2292.76,162143,658,0.0041
5/21/2025,Affiliates 2025-05,1183.29,17918,160,0.0089
5/22/2025,Paid Search 2025-05,11726.53,172930,1135,0.0066
5/22/2025,Social 2025-05,7119.5,153735,1229,0.008
5/22/2025,Email 2025-05,1792.26,121748,679,0.0056
5/22/2025,Affiliates 2025-05,1524.26,27029,215,0.008
5/23/2025,Paid Search 2025-05,15487.51,211330,1629,0.0077
5/23/2025,Social 2025-05,7824.77,147482,1390,0.0094
5/23/2025,Email 2025-05,2160.27,141743,747,0.0053
5/23/2025,Affiliates 2025-05,1297.94,22586,165,0.0073
5/24/2025,Paid Search 2025-05,16974.44,274925,1878,0.0068
5/24/2025,Social 2025-05,9995.38,185615,1892,0.0102
5/24/2025,Email 2025-05,2216.03,162491,684,0.0042
5/24/2025,Affiliates 2025-05,1266.89,19111,146,0.0076
5/25/2025,Paid Search 2025-05,16037.59,258355,2013,0.0078
5/25/2025,Social 2025-05,10794.47,202115,1927,0.0095
5/25/2025,Email 2025-05,1963.10,125932,573,0.0046
5/25/2025,Affiliates 2025-05,1678.69,29664,237,0.008
5/26/2025,Paid Search 2025-05,12098.07,191732,1306,0.0068
5/26/2025,Social 2025-05,8455.83,165646,1825,0.011
5/26/2025,Email 2025-05,2221.79,143715,710,0.0049
5/26/2025,Affiliates 2025-05,1549.55,25933,193,0.0074
5/27/2025,Paid Search 2025-05,17148.13,233901,1709,0.0073
5/27/2025,Social 2025-05,9265.91,193476,1921,0.0099
5/27/2025,Email 2025-05,2115.5,130206,606,0.0047
5/27/2025,Affiliates 2025-05,1251.9,20265,166,0.0082
5/28/2025,Paid Search 2025-05,12802.61,196001,1498,0.0076
5/28/2025,Social 2025-05,10088.73,210939,1970,0.0093
5/28/2025,Email 2025-05,2453.59,168395,865,0.0051
5/28/2025,Affiliates 2025-05,1531.64,23160,228,0.0098
5/29/2025,Paid Search 2025-05,13527.89,197380,1506,0.0076
5/29/2025,Social 2025-05,9925.0,222086,1864,0.0084
5/29/2025,Email 2025-05,2697.65,181887,1013,0.0056
5/29/2025,Affiliates 2025-05,1686.99,30616,228,0.0074
5/30/2025,Paid Search 2025-05,13875.55,213730,1374,0.0064
5/30/2025,Social 2025-05,8995.28,200274,1836,0.0092
5/30/2025,Email 2025-05,2267.24,155621,799,0.0051
5/30/2025,Affiliates 2025-05,1749.89,31540,234,0.0074
5/31/2025,Paid Search 2025-05,15899.58,223852,1775,0.0079
5/31/2025,Social 2025-05,9071.7,172463,1810,0.0105
5/31/2025,Email 2025-05,2178.3,137438,682,0.005
5/31/2025,Affiliates 2025-05,1403.80,25035,162,0.0065
6/1/2025,Paid Search 2025-06,14944.76,217091,1739,0.008
6/1/2025,Social 2025-06,9660.50,213163,1611,0.0076
6/1/2025,Email 2025-06,2628.71,177266,892,0.005
6/1/2025,Affiliates 2025-06,1005.5,16966,117,0.0069
6/2/2025,Paid Search 2025-06,10855.91,163923,1027,0.0063
6/2/2025,Social 2025-06,8223.55,164111,1350,0.0082
6/2/2025,Email 2025-06,2075.12,145439,728,0.005
6/2/2025,Affiliates 2025-06,1470.2,24794,207,0.0083
6/3/2025,Paid Search 2025-06,11621.0,181881,1481,0.0081
6/3/2025,Social 2025-06,8168.17,177332,1332,0.0075
6/3/2025,Email 2025-06,2771.00,176907,786,0.0044
6/3/2025,Affiliates 2025-06,1504.27,24074,207,0.0086
6/4/2025,Paid Search 2025-06,12215.57,179057,1332,0.0074
6/4/2025,Social 2025-06,8983.37,181780,1738,0.0096
6/4/2025,Email 2025-06,1796.74,121322,676,0.0056
6/4/2025,Affiliates 2025-06,1356.56,22894,199,0.0087
6/5/2025,Paid Search 2025-06,14612.27,227134,1709,0.0075
6/5/2025,Social 2025-06,9053.32,167230,1770,0.0106
6/5/2025,Email 2025-06,1609.08,114059,476,0.0042
6/5/2025,Affiliates 2025-06,1299.75,23197,167,0.0072
6/6/2025,Paid Search 2025-06,13219.1,201512,1248,0.0062
6/6/2025,Social 2025-06,9771.40,212863,1859,0.0087
6/6/2025,Email 2025-06,2135.97,148301,810,0.0055
6/6/2025,Affiliates 2025-06,1258.97,22054,188,0.0085
6/7/2025,Paid Search 2025-06,11158.9,174090,1255,0.0072
6/7/2025,Social 2025-06,9753.41,195305,1640,0.0084
6/7/2025,Email 2025-06,2337.23,145018,687,0.0047
6/7/2025,Affiliates 2025-06,1483.60,22335,171,0.0077
6/8/2025,Paid Search 2025-06,10663.24,167304,1257,0.0075
6/8/2025,Social 2025-06,11258.59,221873,1922,0.0087
6/8/2025,Email 2025-06,2307.16,145358,858,0.0059
6/8/2025,Affiliates 2025-06,1312.47,24051,173,0.0072
6/9/2025,Paid Search 2025-06,15972.22,239143,1968,0.0082
6/9/2025,Social 2025-06,6991.31,151990,1248,0.0082
6/9/2025,Email 2025-06,1955.17,130717,675,0.0052
6/9/2025,Affiliates 2025-06,1620.86,25309,242,0.0096
6/10/2025,Paid Search 2025-06,15219.58,224704,1874,0.0083
6/10/2025,Social 2025-06,8942.49,170244,1837,0.0108
6/10/2025,Email 2025-06,1806.71,117725,570,0.0048
6/10/2025,Affiliates 2025-06,1590.05,24241,227,0.0094
6/11/2025,Paid Search 2025-06,13197.04,204211,1423,0.007
6/11/2025,Social 2025-06,9755.83,199487,1797,0.009
6/11/2025,Email 2025-06,2004.28,129023,728,0.0056
6/11/2025,Affiliates 2025-06,1387.4,25424,159,0.0063
6/12/2025,Paid Search 2025-06,13209.05,181209,1373,0.0076
6/12/2025,Social 2025-06,8083.46,149365,1740,0.0116
6/12/2025,Email 2025-06,1953.08,123064,592,0.0048
6/12/2025,Affiliates 2025-06,1439.36,25861,198,0.0077
6/13/2025,Paid Search 2025-06,15820.1,218422,1686,0.0077
6/13/2025,Social 2025-06,9872.3,193497,1949,0.0101
6/13/2025,Email 2025-06,2517.17,169847,881,0.0052
6/13/2025,Affiliates 2025-06,1446.9,22618,201,0.0089
6/14/2025,Paid Search 2025-06,18390.67,267859,2104,0.0079
6/14/2025,Social 2025-06,7816.04,151242,1632,0.0108
6/14/2025,Email 2025-06,2630.73,158903,818,0.0051
6/14/2025,Affiliates 2025-06,1568.32,27476,180,0.0066
6/15/2025,Paid Search 2025-06,11715.95,186038,1202,0.0065
6/15/2025,Social 2025-06,9622.55,185666,1727,0.0093
6/15/2025,Email 2025-06,2342.81,153595,700,0.0046
6/15/2025,Affiliates 2025-06,1421.00,25617,173,0.0068
6/16/2025,Paid Search 2025-06,13581.9,197986,1391,0.007
6/16/2025,Social 2025-06,9866.27,205453,1811,0.0088
6/16/2025,Email 2025-06,2717.73,175595,850,0.0048
6/16/2025,Affiliates 2025-06,1432.21,24211,180,0.0074
6/17/2025,Paid Search 2025-06,12307.38,170334,1465,0.0086
6/17/2025,Social 2025-06,7943.38,149728,1369,0.0091
6/17/2025,Email 2025-06,3007.12,195719,1036,0.0053
6/17/2025,Affiliates 2025-06,1594.19,26795,186,0.0069
6/18/2025,Paid Search 2025-06,12570.03,169365,1312,0.0077
6/18/2025,Social 2025-06,7961.51,154953,1690,0.0109
6/18/2025,Email 2025-06,2445.48,151720,707,0.0047
6/18/2025,Affiliates 2025-06,1426.52,24889,186,0.0075
6/19/2025,Paid Search 2025-06,15190.54,236493,1937,0.0082
6/19/2025,Social 2025-06,8105.03,176292,1650,0.0094
6/19/2025,Email 2025-06,2430.77,162535,843,0.0052
6/19/2025,Affiliates 2025-06,1187.75,20981,173,0.0082
6/20/2025,Paid Search 2025-06,10213.42,159084,1206,0.0076
6/20/2025,Social 2025-06,8527.51,177692,1660,0.0093
6/20/2025,Email 2025-06,2230.16,155359,688,0.0044
6/20/2025,Affiliates 2025-06,1451.6,22688,176,0.0078
6/21/2025,Paid Search 2025-06,14728.13,227665,1435,0.0063
6/21/2025,Social 2025-06,10118.23,195111,1817,0.0093
6/21/2025,Email 2025-06,2445.68,171240,803,0.0047
6/21/2025,Affiliates 2025-06,1317.99,20991,163,0.0078
6/22/2025,Paid Search 2025-06,13994.44,200148,1782,0.0089
6/22/2025,Social 2025-06,11047.7,239763,1825,0.0076
6/22/2025,Email 2025-06,2296.34,157089,802,0.0051
6/22/2025,Affiliates 2025-06,1620,28716,227,0.0079
6/23/2025,Paid Search 2025-06,13459.44,182580,1587,0.0087
6/23/2025,Social 2025-06,9243.79,202362,1541,0.0076
6/23/2025,Email 2025-06,1828.97,132364,614,0.0046
6/23/2025,Affiliates 2025-06,1124.78,19489,143,0.0073
6/24/2025,Paid Search 2025-06,11215.42,154640,1067,0.0069
6/24/2025,Social 2025-06,9443.00,204486,1879,0.0092
6/24/2025,Email 2025-06,2204.30,138330,627,0.0045
6/24/2025,Affiliates 2025-06,1195.58,18561,136,0.0073
6/25/2025,Paid Search 2025-06,13600.82,213509,1708,0.008
6/25/2025,Social 2025-06,8797.37,164636,1707,0.0104
6/25/2025,Email 2025-06,2249.23,143345,733,0.0051
6/25/2025,Affiliates 2025-06,1650.28,28207,237,0.0084
6/26/2025,Paid Search 2025-06,10999.92,164427,1303,0.0079
6/26/2025,Social 2025-06,7785.95,163684,1676,0.0102
6/26/2025,Email 2025-06,2355.17,156075,764,0.0049
6/26/2025,Affiliates 2025-06,1559.91,23606,219,0.0093
6/27/2025,Paid Search 2025-06,11338.19,172767,1328,0.0077
6/27/2025,Social 2025-06,8214.24,168778,1780,0.0105
6/27/2025,Email 2025-06,1885.70,120264,578,0.0048
6/27/2025,Affiliates 2025-06,1485.73,24222,190,0.0078
6/28/2025,Paid Search 2025-06,15186.50,222174,1841,0.0083
6/28/2025,Social 2025-06,9393.72,174510,1773,0.0102
6/28/2025,Email 2025-06,2427.02,156109,918,0.0059
6/28/2025,Affiliates 2025-06,1573.75,26056,217,0.0083
6/29/2025,Paid Search 2025-06,10321.34,141283,1013,0.0072
6/29/2025,Social 2025-06,7892.13,176554,1278,0.0072
6/29/2025,Email 2025-06,2176.17,157107,772,0.0049
6/29/2025,Affiliates 2025-06,1690.96,25585,257,0.01
6/30/2025,Paid Search 2025-06,10988.60,154809,1378,0.0089
6/30/2025,Social 2025-06,8491.17,174984,1625,0.0093
6/30/2025,Email 2025-06,2447.01,159873,769,0.0048
6/30/2025,Affiliates 2025-06,1321.45,23390,157,0.0067
7/1/2025,Paid Search 2025-07,12087.09,185102,1292,0.007
7/1/2025,Social 2025-07,8393.60,183191,1621,0.0088
7/1/2025,Email 2025-07,2050.0,133559,758,0.0057
7/1/2025,Affiliates 2025-07,1334.8,22445,178,0.0079
7/2/2025,Paid Search 2025-07,12997.32,206680,1321,0.0064
7/2/2025,Social 2025-07,11658.44,242019,2025,0.0084
7/2/2025,Email 2025-07,2355.03,169874,699,0.0041
7/2/2025,Affiliates 2025-07,1420.04,21471,189,0.0088
7/3/2025,Paid Search 2025-07,14931.69,227806,1580,0.0069
7/3/2025,Social 2025-07,10436.46,200622,1733,0.0086
7/3/2025,Email 2025-07,1989.35,142748,599,0.0042
7/3/2025,Affiliates 2025-07,1014.51,16216,150,0.0093
7/4/2025,Paid Search 2025-07,14665.8,226610,1846,0.0081
7/4/2025,Social 2025-07,10426.52,232994,2277,0.0098
7/4/2025,Email 2025-07,2511.02,155004,790,0.0051
7/4/2025,Affiliates 2025-07,1192.97,18253,151,0.0083
7/5/2025,Paid Search 2025-07,14586.78,235715,1447,0.0061
7/5/2025,Social 2025-07,9782.13,183657,1693,0.0092
7/5/2025,Email 2025-07,2459.51,163753,731,0.0045
7/5/2025,Affiliates 2025-07,1366.76,23149,179,0.0077
7/6/2025,Paid Search 2025-07,11414.9,159643,1105,0.0069
7/6/2025,Social 2025-07,8346.50,187633,1826,0.0097
7/6/2025,Email 2025-07,2237.06,141313,706,0.005
7/6/2025,Affiliates 2025-07,1400.66,22595,184,0.0081
7/7/2025,Paid Search 2025-07,11696.97,185483,1243,0.0067
7/7/2025,Social 2025-07,11120.17,227891,1917,0.0084
7/7/2025,Email 2025-07,1934.45,122870,666,0.0054
7/7/2025,Affiliates 2025-07,1620.87,27366,186,0.0068
7/8/2025,Paid Search 2025-07,13158.92,178873,1441,0.0081
7/8/2025,Social 2025-07,6696.57,132279,1158,0.0088
7/8/2025,Email 2025-07,2469.5,169633,933,0.0055
7/8/2025,Affiliates 2025-07,1454.84,24300,217,0.0089
7/9/2025,Paid Search 2025-07,15527.45,212738,1749,0.0082
7/9/2025,Social 2025-07,8426.09,168654,1771,0.0105
7/9/2025,Email 2025-07,2444.49,151078,876,0.0058
7/9/2025,Affiliates 2025-07,1295.6,20477,160,0.0078
7/10/2025,Paid Search 2025-07,13424.63,205607,1692,0.0082
7/10/2025,Social 2025-07,7823.44,171703,1636,0.0095
7/10/2025,Email 2025-07,2475.97,174971,799,0.0046
7/10/2025,Affiliates 2025-07,1306.01,22141,156,0.007
7/11/2025,Paid Search 2025-07,11020.94,169647,1144,0.0067
7/11/2025,Social 2025-07,7362.56,155470,1357,0.0087
7/11/2025,Email 2025-07,2176.99,142421,623,0.0044
7/11/2025,Affiliates 2025-07,1384.04,22839,165,0.0072
7/12/2025,Paid Search 2025-07,11653.57,166072,1383,0.0083
7/12/2025,Social 2025-07,10548.05,221434,2032,0.0092
7/12/2025,Email 2025-07,2358.79,165580,692,0.0042
7/12/2025,Affiliates 2025-07,1354.67,21779,165,0.0076
7/13/2025,Paid Search 2025-07,14925.13,239031,1751,0.0073
7/13/2025,Social 2025-07,9333.3,184017,1809,0.0098
7/13/2025,Email 2025-07,2254.8,157170,799,0.0051
7/13/2025,Affiliates 2025-07,1605.6,28514,202,0.0071
7/14/2025,Paid Search 2025-07,12331.79,174211,1480,0.0085
7/14/2025,Social 2025-07,7680.94,157039,1383,0.0088
7/14/2025,Email 2025-07,2090.00,136135,777,0.0057
7/14/2025,Affiliates 2025-07,1131.17,18774,151,0.008
7/15/2025,Paid Search 2025-07,12666.86,192416,1505,0.0078
7/15/2025,Social 2025-07,7855.0,145671,1500,0.0103
7/15/2025,Email 2025-07,2281.07,161064,808,0.005
7/15/2025,Affiliates 2025-07,1404.83,22865,161,0.007
7/16/2025,Paid Search 2025-07,13498.91,207599,1288,0.0062
7/16/2025,Social 2025-07,8982.88,185658,1582,0.0085
7/16/2025,Email 2025-07,2347.31,141036,801,0.0057
7/16/2025,Affiliates 2025-07,1341.05,21042,176,0.0084
7/17/2025,Paid Search 2025-07,12528.24,181756,1542,0.0085
7/17/2025,Social 2025-07,8028.98,161540,1308,0.0081
7/17/2025,Email 2025-07,2079.43,144363,789,0.0055
7/17/2025,Affiliates 2025-07,938.21,15810,135,0.0085
7/18/2025,Paid Search 2025-07,15941.58,255009,1853,0.0073
7/18/2025,Social 2025-07,8887.24,181730,1794,0.0099
7/18/2025,Email 2025-07,2148.5,132747,631,0.0048
7/18/2025,Affiliates 2025-07,1292.38,22503,150,0.0067
7/19/2025,Paid Search 2025-07,16049.47,238680,1665,0.007
7/19/2025,Social 2025-07,10815.09,204204,1859,0.0091
7/19/2025,Email 2025-07,2390.0,162976,702,0.0043
7/19/2025,Affiliates 2025-07,1936.37,29443,234,0.0079
7/20/2025,Paid Search 2025-07,12244.64,176202,1441,0.0082
7/20/2025,Social 2025-07,9851.51,189372,1914,0.0101
7/20/2025,Email 2025-07,1983.06,137083,755,0.0055
7/20/2025,Affiliates 2025-07,1542,23915,195,0.0082
7/21/2025,Paid Search 2025-07,13427.45,186052,1538,0.0083
7/21/2025,Social 2025-07,8473.7,157576,1844,0.0117
7/21/2025,Email 2025-07,2628.28,163719,762,0.0047
7/21/2025,Affiliates 2025-07,1503.10,25829,202,0.0078
7/22/2025,Paid Search 2025-07,13042.41,193560,1438,0.0074
7/22/2025,Social 2025-07,10094.75,187225,2127,0.0114
7/22/2025,Email 2025-07,2661.32,164995,844,0.0051
7/22/2025,Affiliates 2025-07,1337.47,20376,196,0.0096
7/23/2025,Paid Search 2025-07,13432.57,190205,1696,0.0089
7/23/2025,Social 2025-07,7725.5,168516,1375,0.0082
7/23/2025,Email 2025-07,1879.21,133185,611,0.0046
7/23/2025,Affiliates 2025-07,1607.37,26674,246,0.0092
7/24/2025,Paid Search 2025-07,12523.11,168535,1271,0.0075
7/24/2025,Social 2025-07,9530.04,203307,1700,0.0084
7/24/2025,Email 2025-07,2095.40,129349,722,0.0056
7/24/2025,Affiliates 2025-07,1388.24,21824,207,0.0095
7/25/2025,Paid Search 2025-07,16427.35,222208,1597,0.0072
7/25/2025,Social 2025-07,7655.81,153994,1593,0.0103
7/25/2025,Email 2025-07,1747.66,120892,588,0.0049
7/25/2025,Affiliates 2025-07,1131.26,18289,173,0.0095
7/26/2025,Paid Search 2025-07,12648.20,181544,1427,0.0079
7/26/2025,Social 2025-07,9247.13,200991,1772,0.0088
7/26/2025,Email 2025-07,2461.66,168038,698,0.0042
7/26/2025,Affiliates 2025-07,1898.36,30987,279,0.009
7/27/2025,Paid Search 2025-07,17026.39,229990,1959,0.0085
7/27/2025,Social 2025-07,8714.94,187400,1440,0.0077
7/27/2025,Email 2025-07,2344.49,170044,688,0.004
7/27/2025,Affiliates 2025-07,1379.54,21016,202,0.0096
7/28/2025,Paid Search 2025-07,11891.1,187142,1325,0.0071
7/28/2025,Social 2025-07,7937.63,154170,1543,0.01
7/28/2025,Email 2025-07,2036.57,146013,733,0.005
7/28/2025,Affiliates 2025-07,1558.98,23739,188,0.0079
7/29/2025,Paid Search 2025-07,11300.67,173831,1403,0.0081
7/29/2025,Social 2025-07,7450.85,160225,1413,0.0088
7/29/2025,Email 2025-07,2546.24,186004,889,0.0048
7/29/2025,Affiliates 2025-07,1338.54,20732,183,0.0088
7/30/2025,Paid Search 2025-07,11093.94,164750,1091,0.0066
7/30/2025,Social 2025-07,7376.90,158087,1265,0.008
7/30/2025,Email 2025-07,2415.91,161769,690,0.0043
7/30/2025,Affiliates 2025-07,1285.52,22890,169,0.0074
7/31/2025,Paid Search 2025-07,13499.92,208804,1344,0.0064
7/31/2025,Social 2025-07,7349.9,151337,1509,0.01
7/31/2025,Email 2025-07,1967.22,122763,643,0.0052
7/31/2025,Affiliates 2025-07,1339.16,23649,193,0.0082
8/1/2025,Paid Search 2025-08,13925.95,205003,1442,0.007
8/1/2025,Social 2025-08,8463.59,186633,1551,0.0083
8/1/2025,Email 2025-08,2147.35,150099,619,0.0041
8/1/2025,Affiliates 2025-08,1408.84,23643,203,0.0086
8/2/2025,Paid Search 2025-08,13077.97,186189,1457,0.0078
8/2/2025,Social 2025-08,8992.98,187873,1573,0.0084
8/2/2025,Email 2025-08,2230.4,140869,662,0.0047
8/2/2025,Affiliates 2025-08,1427.31,25365,213,0.0084
8/3/2025,Paid Search 2025-08,11277.52,178059,1278,0.0072
8/3/2025,Social 2025-08,10127.97,188676,1814,0.0096
8/3/2025,Email 2025-08,2386.1,146650,893,0.0061
8/3/2025,Affiliates 2025-08,1736.30,29255,230,0.0079
8/4/2025,Paid Search 2025-08,14292.29,218233,1813,0.0083
8/4/2025,Social 2025-08,9133.4,174199,1653,0.0095
8/4/2025,Email 2025-08,1601.50,105077,585,0.0056
8/4/2025,Affiliates 2025-08,1315.88,20505,200,0.0098
8/5/2025,Paid Search 2025-08,12453.9,202653,1449,0.0072
8/5/2025,Social 2025-08,10318.16,217915,1834,0.0084
8/5/2025,Email 2025-08,2324.30,156078,810,0.0052
8/5/2025,Affiliates 2025-08,1841.45,30440,280,0.0092
8/6/2025,Paid Search 2025-08,13354.40,212263,1368,0.0064
8/6/2025,Social 2025-08,9360.03,183874,1575,0.0086
8/6/2025,Email 2025-08,2050.09,150233,755,0.005
8/6/2025,Affiliates 2025-08,1620.5,26893,206,0.0077
8/7/2025,Paid Search 2025-08,12216.7,163571,1467,0.009
8/7/2025,Social 2025-08,8264.17,156998,1555,0.0099
8/7/2025,Email 2025-08,1982.42,138936,598,0.0043
8/7/2025,Affiliates 2025-08,1671.41,29959,223,0.0074
8/8/2025,Paid Search 2025-08,9424.5,137701,984,0.0071
8/8/2025,Social 2025-08,8187.86,154008,1440,0.0094
8/8/2025,Email 2025-08,2338.61,163183,861,0.0053
8/8/2025,Affiliates 2025-08,1625.64,25654,228,0.0089
8/9/2025,Paid Search 2025-08,16169.3,246922,1698,0.0069
8/9/2025,Social 2025-08,7723.62,163700,1290,0.0079
8/9/2025,Email 2025-08,2392.07,144469,689,0.0048
8/9/2025,Affiliates 2025-08,1719.14,27362,219,0.008
8/10/2025,Paid Search 2025-08,9935.81,140831,1178,0.0084
8/10/2025,Social 2025-08,8488.82,180250,1375,0.0076
8/10/2025,Email 2025-08,2468.98,171975,889,0.0052
8/10/2025,Affiliates 2025-08,1710.88,27046,261,0.0097
8/11/2025,Paid Search 2025-08,13191.22,201701,1316,0.0065
8/11/2025,Social 2025-08,7708.85,160529,1492,0.0093
8/11/2025,Email 2025-08,2446.91,158696,733,0.0046
8/11/2025,Affiliates 2025-08,1205.77,18404,176,0.0096
8/12/2025,Paid Search 2025-08,12984.63,203545,1519,0.0075
8/12/2025,Social 2025-08,8791.88,190051,1761,0.0093
8/12/2025,Email 2025-08,2302.31,165261,800,0.0048
8/12/2025,Affiliates 2025-08,1314.5,20606,187,0.0091
8/13/2025,Paid Search 2025-08,13511.21,187428,1471,0.0078
8/13/2025,Social 2025-08,7399.91,164634,1461,0.0089
8/13/2025,Email 2025-08,1633.52,105020,577,0.0055
8/13/2025,Affiliates 2025-08,1519.73,27726,178,0.0064
8/14/2025,Paid Search 2025-08,14689.37,216184,1717,0.0079
8/14/2025,Social 2025-08,8780.16,181882,1489,0.0082
8/14/2025,Email 2025-08,1950.20,141418,594,0.0042
8/14/2025,Affiliates 2025-08,1509.41,25774,177,0.0069
8/15/2025,Paid Search 2025-08,13559.09,191435,1368,0.0071
8/15/2025,Social 2025-08,8535.77,167083,1540,0.0092
8/15/2025,Email 2025-08,1990.5,137735,631,0.0046
8/15/2025,Affiliates 2025-08,1392.31,20888,168,0.008
8/16/2025,Paid Search 2025-08,13369.66,217670,1384,0.0064
8/16/2025,Social 2025-08,9604.01,195575,1725,0.0088
8/16/2025,Email 2025-08,2204.28,135914,652,0.0048
8/16/2025,Affiliates 2025-08,1622.15,24912,241,0.0097
8/17/2025,Paid Search 2025-08,14704.36,235985,1725,0.0073
8/17/2025,Social 2025-08,10463.25,210703,2040,0.0097
8/17/2025,Email 2025-08,2492.36,158637,924,0.0058
8/17/2025,Affiliates 2025-08,1623.31,25871,186,0.0072
8/18/2025,Paid Search 2025-08,12623.63,173266,1239,0.0072
8/18/2025,Social 2025-08,9898.84,184638,2136,0.0116
8/18/2025,Email 2025-08,2211.32,142935,846,0.0059
8/18/2025,Affiliates 2025-08,1464.4,25522,216,0.0085
8/19/2025,Paid Search 2025-08,10858.36,172270,1288,0.0075
8/19/2025,Social 2025-08,8463.79,172869,1563,0.009
8/19/2025,Email 2025-08,2175.47,143417,829,0.0058
8/19/2025,Affiliates 2025-08,1104.52,17660,131,0.0074
8/20/2025,Paid Search 2025-08,14984.87,215178,1498,0.007
8/20/2025,Social 2025-08,8469.59,187675,1667,0.0089
8/20/2025,Email 2025-08,2086.13,141589,662,0.0047
8/20/2025,Affiliates 2025-08,1331.87,22389,174,0.0078
8/21/2025,Paid Search 2025-08,13411.85,192200,1298,0.0068
8/21/2025,Social 2025-08,7716.4,155436,1516,0.0098
8/21/2025,Email 2025-08,2130.35,134543,676,0.005
8/21/2025,Affiliates 2025-08,1315.19,19945,184,0.0092
8/22/2025,Paid Search 2025-08,13113.55,183614,1330,0.0072
8/22/2025,Social 2025-08,8565.52,159412,1421,0.0089
8/22/2025,Email 2025-08,1916.31,117809,709,0.006
8/22/2025,Affiliates 2025-08,1230.89,20443,157,0.0077
8/23/2025,Paid Search 2025-08,12451.06,202516,1348,0.0067
8/23/2025,Social 2025-08,9465.52,194310,1803,0.0093
8/23/2025,Email 2025-08,2118.65,134816,693,0.0051
8/23/2025,Affiliates 2025-08,1544.27,26815,188,0.007
8/24/2025,Paid Search 2025-08,13074.88,191632,1236,0.0064
8/24/2025,Social 2025-08,8678.37,163132,1618,0.0099
8/24/2025,Email 2025-08,2320.04,170063,728,0.0043
8/24/2025,Affiliates 2025-08,1763.69,31558,268,0.0085
8/25/2025,Paid Search 2025-08,12193.56,187312,1207,0.0064
8/25/2025,Social 2025-08,8241.16,184445,1463,0.0079
8/25/2025,Email 2025-08,2093.08,138958,632,0.0045
8/25/2025,Affiliates 2025-08,1788.79,28076,233,0.0083
8/26/2025,Paid Search 2025-08,11737.61,181878,1427,0.0078
8/26/2025,Social 2025-08,8508.1,177282,1589,0.009
8/26/2025,Email 2025-08,2285.38,165784,763,0.0046
8/26/2025,Affiliates 2025-08,1397.65,23296,171,0.0073
8/27/2025,Paid Search 2025-08,14192.34,200780,1678,0.0084
8/27/2025,Social 2025-08,9673.45,194547,1793,0.0092
8/27/2025,Email 2025-08,1897.36,136836,686,0.005
8/27/2025,Affiliates 2025-08,1549.92,27072,217,0.008
8/28/2025,Paid Search 2025-08,15086.65,201635,1461,0.0072
8/28/2025,Social 2025-08,5338.58,107866,1132,0.0105
8/28/2025,Email 2025-08,2169.66,138900,700,0.005
8/28/2025,Affiliates 2025-08,1526.72,26846,181,0.0067
8/29/2025,Paid Search 2025-08,17028.31,233367,2065,0.0088
8/29/2025,Social 2025-08,8445.26,177748,1590,0.0089
8/29/2025,Email 2025-08,1976.54,141947,659,0.0046
8/29/2025,Affiliates 2025-08,1469.51,22607,205,0.0091
8/30/2025,Paid Search 2025-08,11682.47,177758,1275,0.0072
8/30/2025,Social 2025-08,9465.59,197446,1908,0.0097
8/30/2025,Email 2025-08,2424.82,167487,740,0.0044
8/30/2025,Affiliates 2025-08,1557.48,26460,185,0.007
8/31/2025,Paid Search 2025-08,15632.80,247598,1924,0.0078
8/31/2025,Social 2025-08,8015.15,180845,1478,0.0082
8/31/2025,Email 2025-08,2744.03,174473,898,0.0051
8/31/2025,Affiliates 2025-08,1695.50,28294,207,0.0073
9/1/2025,Paid Search 2025-09,13626.41,193333,1513,0.0078
9/1/2025,Social 2025-09,9542.66,198571,1932,0.0097
9/1/2025,Email 2025-09,1978.60,124432,695,0.0056
9/1/2025,Affiliates 2025-09,886.97,16087,114,0.0071
9/2/2025,Paid Search 2025-09,12191.93,186687,1455,0.0078
9/2/2025,Social 2025-09,7941.91,151863,1462,0.0096
9/2/2025,Email 2025-09,2449.62,158126,810,0.0051
9/2/2025,Affiliates 2025-09,1194.24,19054,169,0.0089
9/3/2025,Paid Search 2025-09,13054.01,183758,1575,0.0086
9/3/2025,Social 2025-09,7919.92,169749,1446,0.0085
9/3/2025,Email 2025-09,1968.64,119518,726,0.0061
9/3/2025,Affiliates 2025-09,1436.80,25386,193,0.0076
9/4/2025,Paid Search 2025-09,12493.45,192163,1452,0.0076
9/4/2025,Social 2025-09,6930.75,155835,1216,0.0078
9/4/2025,Email 2025-09,1827.72,115584,674,0.0058
9/4/2025,Affiliates 2025-09,1304.6,20261,156,0.0077
9/5/2025,Paid Search 2025-09,10703.42,143005,1094,0.0077
9/5/2025,Social 2025-09,9097.58,191141,1489,0.0078
9/5/2025,Email 2025-09,1959.77,140393,617,0.0044
9/5/2025,Affiliates 2025-09,1103.92,17325,145,0.0084
9/6/2025,Paid Search 2025-09,14095.6,197293,1759,0.0089
9/6/2025,Social 2025-09,9392.87,186231,1685,0.009
9/6/2025,Email 2025-09,2228.20,136755,836,0.0061
9/6/2025,Affiliates 2025-09,1698.05,27482,240,0.0087
9/7/2025,Paid Search 2025-09,11409.91,168060,1141,0.0068
9/7/2025,Social 2025-09,10289.57,217945,1794,0.0082
9/7/2025,Email 2025-09,2266.12,149248,652,0.0044
9/7/2025,Affiliates 2025-09,1547.19,25285,218,0.0086
9/8/2025,Paid Search 2025-09,14733.05,228143,1491,0.0065
9/8/2025,Social 2025-09,7373.50,150849,1407,0.0093
9/8/2025,Email 2025-09,2428.68,172919,911,0.0053
9/8/2025,Affiliates 2025-09,1474.30,25108,204,0.0081
9/9/2025,Paid Search 2025-09,14210.05,190542,1622,0.0085
9/9/2025,Social 2025-09,9047.15,186502,1488,0.008
9/9/2025,Email 2025-09,1746.17,109195,651,0.006
9/9/2025,Affiliates 2025-09,1490.71,23109,183,0.0079
9/10/2025,Paid Search 2025-09,13811.44,225029,1417,0.0063
9/10/2025,Social 2025-09,10343.30,232548,1768,0.0076
9/10/2025,Email 2025-09,2370.80,146050,804,0.0055
9/10/2025,Affiliates 2025-09,1448.36,24378,195,0.008
9/11/2025,Paid Search 2025-09,9341.7,129017,934,0.0072
9/11/2025,Social 2025-09,7445.6,153126,1597,0.0104
9/11/2025,Email 2025-09,2547.39,169933,792,0.0047
9/11/2025,Affiliates 2025-09,1520.28,25367,199,0.0078
9/12/2025,Paid Search 2025-09,9466.49,130413,1048,0.008
9/12/2025,Social 2025-09,6646.58,138558,1142,0.0082
9/12/2025,Email 2025-09,2092.10,137063,787,0.0057
9/12/2025,Affiliates 2025-09,1422.31,22711,214,0.0094
9/13/2025,Paid Search 2025-09,15442.55,222572,1635,0.0073
9/13/2025,Social 2025-09,6384.21,134715,1285,0.0095
9/13/2025,Email 2025-09,2691.34,172050,914,0.0053
9/13/2025,Affiliates 2025-09,1641.05,27080,240,0.0089
9/14/2025,Paid Search 2025-09,14189.64,224372,1581,0.007
9/14/2025,Social 2025-09,10570.53,235741,2166,0.0092
9/14/2025,Email 2025-09,2344.37,164627,805,0.0049
9/14/2025,Affiliates 2025-09,1716.46,27502,237,0.0086
9/15/2025,Paid Search 2025-09,12498.36,168195,1410,0.0084
9/15/2025,Social 2025-09,6522.03,146537,1397,0.0095
9/15/2025,Email 2025-09,2071.08,137457,632,0.0046
9/15/2025,Affiliates 2025-09,1559.15,24569,179,0.0073
9/16/2025,Paid Search 2025-09,12331.94,176080,1396,0.0079
9/16/2025,Social 2025-09,9345.40,206879,1958,0.0095
9/16/2025,Email 2025-09,1579.88,108662,491,0.0045
9/16/2025,Affiliates 2025-09,1096.70,16679,133,0.008
9/17/2025,Paid Search 2025-09,12297.20,180549,1403,0.0078
9/17/2025,Social 2025-09,8521.01,161703,1837,0.0114
9/17/2025,Email 2025-09,1983.41,128693,707,0.0055
9/17/2025,Affiliates 2025-09,1534.92,26689,194,0.0073
9/18/2025,Paid Search 2025-09,13685.02,189538,1313,0.0069
9/18/2025,Social 2025-09,9077.96,186371,1471,0.0079
9/18/2025,Email 2025-09,2132.83,128060,686,0.0054
9/18/2025,Affiliates 2025-09,1134.7,17105,167,0.0098
9/19/2025,Paid Search 2025-09,13347.64,202030,1515,0.0075
9/19/2025,Social 2025-09,7262.18,160299,1455,0.0091
9/19/2025,Email 2025-09,2598.5,182006,825,0.0045
9/19/2025,Affiliates 2025-09,1423.42,22159,171,0.0077
9/20/2025,Paid Search 2025-09,11620.77,156737,1105,0.0071
9/20/2025,Social 2025-09,9334.89,189615,1550,0.0082
9/20/2025,Email 2025-09,2126.1,139039,796,0.0057
9/20/2025,Affiliates 2025-09,1282.55,20490,147,0.0072
9/21/2025,Paid Search 2025-09,14661.8,199781,1658,0.0083
9/21/2025,Social 2025-09,8381.57,159469,1568,0.0098
9/21/2025,Email 2025-09,2216.6,156643,680,0.0043
9/21/2025,Affiliates 2025-09,1490.01,25888,193,0.0075
9/22/2025,Paid Search 2025-09,12030.07,175999,1179,0.0067
9/22/2025,Social 2025-09,8696.84,171472,1553,0.0091
9/22/2025,Email 2025-09,2164.31,144557,754,0.0052
9/22/2025,Affiliates 2025-09,1231.48,20439,180,0.0088
9/23/2025,Paid Search 2025-09,12590.38,195914,1526,0.0078
9/23/2025,Social 2025-09,8738.24,176615,1625,0.0092
9/23/2025,Email 2025-09,2311.22,143445,790,0.0055
9/23/2025,Affiliates 2025-09,1357.2,21841,156,0.0071
9/24/2025,Paid Search 2025-09,11090.36,179296,1228,0.0068
9/24/2025,Social 2025-09,9108.50,182426,1922,0.0105
9/24/2025,Email 2025-09,2182.71,136136,775,0.0057
9/24/2025,Affiliates 2025-09,1434.6,26234,179,0.0068
9/25/2025,Paid Search 2025-09,11977.78,187561,1176,0.0063
9/25/2025,Social 2025-09,7327.31,145256,1441,0.0099
9/25/2025,Email 2025-09,2572.13,180474,900,0.005
9/25/2025,Affiliates 2025-09,1483.93,23556,182,0.0077
9/26/2025,Paid Search 2025-09,16254.69,251693,1867,0.0074
9/26/2025,Social 2025-09,7096.48,160087,1405,0.0088
9/26/2025,Email 2025-09,2094.97,137580,652,0.0047
9/26/2025,Affiliates 2025-09,1464.11,23894,186,0.0078
9/27/2025,Paid Search 2025-09,16224.84,232106,1752,0.0075
9/27/2025,Social 2025-09,10743.24,200150,2269,0.0113
9/27/2025,Email 2025-09,2127.4,153773,730,0.0047
9/27/2025,Affiliates 2025-09,1302.02,22753,187,0.0082
9/28/2025,Paid Search 2025-09,11571.63,180880,1230,0.0068
9/28/2025,Social 2025-09,10580.1,207353,2214,0.0107
9/28/2025,Email 2025-09,1953.02,132347,723,0.0055
9/28/2025,Affiliates 2025-09,1535.92,26872,218,0.0081
9/29/2025,Paid Search 2025-09,12632.84,196628,1577,0.008
9/29/2025,Social 2025-09,8517.12,189676,1819,0.0096
9/29/2025,Email 2025-09,1701.74,120688,544,0.0045
9/29/2025,Affiliates 2025-09,1267.16,22809,150,0.0066
9/30/2025,Paid Search 2025-09,13672.49,214062,1486,0.0069
9/30/2025,Social 2025-09,9047.36,204035,1539,0.0075
9/30/2025,Email 2025-09,2118.8,146390,738,0.005
9/30/2025,Affiliates 2025-09,1470.82,26126,179,0.0069
10/1/2025,Paid Search 2025-10,15353.16,213304,1850,0.0087
10/1/2025,Social 2025-10,7806.24,150224,1302,0.0087
10/1/2025,Email 2025-10,2589.36,168745,879,0.0052
10/1/2025,Affiliates 2025-10,1219.8,19970,159,0.008
10/2/2025,Paid Search 2025-10,14393.6,193655,1689,0.0087
10/2/2025,Social 2025-10,7790.79,148513,1432,0.0096
10/2/2025,Email 2025-10,2228.93,138592,710,0.0051
10/2/2025,Affiliates 2025-10,1405.0,24702,174,0.007
10/3/2025,Paid Search 2025-10,11224.15,165237,1332,0.0081
10/3/2025,Social 2025-10,10394.35,206966,1770,0.0086
10/3/2025,Email 2025-10,2272.84,136554,822,0.006
10/3/2025,Affiliates 2025-10,1658.57,29397,251,0.0085
10/4/2025,Paid Search 2025-10,16946.67,248195,1802,0.0073
10/4/2025,Social 2025-10,9912.92,186742,2019,0.0108
10/4/2025,Email 2025-10,2054.05,127502,775,0.0061
10/4/2025,Affiliates 2025-10,1747.36,30513,255,0.0084
10/5/2025,Paid Search 2025-10,10884.47,156479,1327,0.0085
10/5/2025,Social 2025-10,9022.74,187838,1463,0.0078
10/5/2025,Email 2025-10,2875.52,192866,1082,0.0056
10/5/2025,Affiliates 2025-10,1777.16,27033,215,0.008
10/6/2025,Paid Search 2025-10,14095.82,218848,1381,0.0063
10/6/2025,Social 2025-10,9918.8,188870,2057,0.0109
10/6/2025,Email 2025-10,2098.6,127675,727,0.0057
10/6/2025,Affiliates 2025-10,1211.24,18686,170,0.0091
10/7/2025,Paid Search 2025-10,12461.56,203035,1414,0.007
10/7/2025,Social 2025-10,7906.60,157845,1438,0.0091
10/7/2025,Email 2025-10,2418.83,149747,898,0.006
10/7/2025,Affiliates 2025-10,1599.76,27533,201,0.0073
10/8/2025,Paid Search 2025-10,16140.6,227188,1987,0.0087
10/8/2025,Social 2025-10,10501.15,204848,1714,0.0084
10/8/2025,Email 2025-10,2084.35,142459,614,0.0043
10/8/2025,Affiliates 2025-10,1414.16,24000,204,0.0085
10/9/2025,Paid Search 2025-10,12511.58,178947,1376,0.0077
10/9/2025,Social 2025-10,11222.76,216063,1929,0.0089
10/9/2025,Email 2025-10,2208.35,139848,723,0.0052
10/9/2025,Affiliates 2025-10,1433.02,25867,178,0.0069
10/10/2025,Paid Search 2025-10,13351.0,210077,1685,0.008
10/10/2025,Social 2025-10,7580.42,150729,1452,0.0096
10/10/2025,Email 2025-10,1988.13,135369,622,0.0046
10/10/2025,Affiliates 2025-10,1093.45,18404,165,0.009
10/11/2025,Paid Search 2025-10,16559.35,235022,1867,0.0079
10/11/2025,Social 2025-10,11797.00,239801,2362,0.0098
10/11/2025,Email 2025-10,2189.21,136492,696,0.0051
10/11/2025,Affiliates 2025-10,1737.08,27983,217,0.0078
10/12/2025,Paid Search 2025-10,12673.98,182649,1589,0.0087
10/12/2025,Social 2025-10,7581.51,147652,1631,0.011
10/12/2025,Email 2025-10,2045.22,146689,619,0.0042
10/12/2025,Affiliates 2025-10,1549.02,27689,206,0.0074
10/13/2025,Paid Search 2025-10,13587.4,208409,1728,0.0083
10/13/2025,Social 2025-10,7636.13,153022,1541,0.0101
10/13/2025,Email 2025-10,2291.38,166525,813,0.0049
10/13/2025,Affiliates 2025-10,1313.2,22384,174,0.0078
10/14/2025,Paid Search 2025-10,15356.13,205177,1749,0.0085
10/14/2025,Social 2025-10,8061.61,162512,1726,0.0106
10/14/2025,Email 2025-10,2455.49,149532,826,0.0055
10/14/2025,Affiliates 2025-10,1565.25,26382,211,0.008
10/15/2025,Paid Search 2025-10,14209.09,219305,1545,0.007
10/15/2025,Social 2025-10,10377.62,219332,1850,0.0084
10/15/2025,Email 2025-10,2131.29,151623,697,0.0046
10/15/2025,Affiliates 2025-10,1684.57,27019,220,0.0081
10/16/2025,Paid Search 2025-10,13387.58,202606,1269,0.0063
10/16/2025,Social 2025-10,10375.67,204476,1714,0.0084
10/16/2025,Email 2025-10,2288.67,139490,744,0.0053
10/16/2025,Affiliates 2025-10,1347.67,23410,166,0.0071
10/17/2025,Paid Search 2025-10,12827.08,201317,1378,0.0068
10/17/2025,Social 2025-10,9199.75,178429,1816,0.0102
10/17/2025,Email 2025-10,1680.32,104913,549,0.0052
10/17/2025,Affiliates 2025-10,1496.82,24250,205,0.0085
10/18/2025,Paid Search 2025-10,15104.76,237176,1885,0.0079
10/18/2025,Social 2025-10,10188.59,188740,1893,0.01
10/18/2025,Email 2025-10,2229.26,154444,678,0.0044
10/18/2025,Affiliates 2025-10,1770.05,31461,247,0.0079
10/19/2025,Paid Search 2025-10,14234.31,212951,1515,0.0071
10/19/2025,Social 2025-10,10869.72,226449,1862,0.0082
10/19/2025,Email 2025-10,2391.8,155405,885,0.0057
10/19/2025,Affiliates 2025-10,1745.69,26273,227,0.0086
10/20/2025,Paid Search 2025-10,13529.96,216160,1624,0.0075
10/20/2025,Social 2025-10,8535.02,187528,1642,0.0088
10/20/2025,Email 2025-10,2486.45,177501,928,0.0052
10/20/2025,Affiliates 2025-10,1448.92,22039,169,0.0077
10/21/2025,Paid Search 2025-10,13395.16,214475,1450,0.0068
10/21/2025,Social 2025-10,6664.23,144146,1313,0.0091
10/21/2025,Email 2025-10,2587.34,158832,910,0.0057
10/21/2025,Affiliates 2025-10,1672.18,25630,256,0.01
10/22/2025,Paid Search 2025-10,13269.76,179625,1281,0.0071
10/22/2025,Social 2025-10,9326.26,197066,1979,0.01
10/22/2025,Email 2025-10,2705.72,172282,847,0.0049
10/22/2025,Affiliates 2025-10,1519.14,23576,226,0.0096
10/23/2025,Paid Search 2025-10,16603.64,266350,1937,0.0073
10/23/2025,Social 2025-10,9296.07,201662,1845,0.0091
10/23/2025,Email 2025-10,2395.22,149561,694,0.0046
10/23/2025,Affiliates 2025-10,1506.12,22776,228,0.01
10/24/2025,Paid Search 2025-10,14018.42,190480,1675,0.0088
10/24/2025,Social 2025-10,10899.41,211937,2071,0.0098
10/24/2025,Email 2025-10,1941.08,135737,726,0.0053
10/24/2025,Affiliates 2025-10,1665.47,26971,216,0.008
10/25/2025,Paid Search 2025-10,10958.02,172124,1307,0.0076
10/25/2025,Social 2025-10,9381,181787,1801,0.0099
10/25/2025,Email 2025-10,2690.44,187395,909,0.0049
10/25/2025,Affiliates 2025-10,1964.09,32505,300,0.0092
10/26/2025,Paid Search 2025-10,11527.31,183727,1372,0.0075
10/26/2025,Social 2025-10,11013.83,240383,2074,0.0086
10/26/2025,Email 2025-10,2142.2,150582,631,0.0042
10/26/2025,Affiliates 2025-10,1657.86,28512,248,0.0087
10/27/2025,Paid Search 2025-10,12846.75,200229,1472,0.0074
10/27/2025,Social 2025-10,9359.37,199868,1904,0.0095
10/27/2025,Email 2025-10,1916.36,128108,687,0.0054
10/27/2025,Affiliates 2025-10,1492.52,24992,211,0.0084
10/28/2025,Paid Search 2025-10,13320.79,191453,1347,0.007
10/28/2025,Social 2025-10,8926.49,191197,1876,0.0098
10/28/2025,Email 2025-10,2592.53,179290,775,0.0043
10/28/2025,Affiliates 2025-10,1835.30,31634,266,0.0084
10/29/2025,Paid Search 2025-10,14080.49,210663,1636,0.0078
10/29/2025,Social 2025-10,8963.01,182877,1713,0.0094
10/29/2025,Email 2025-10,2352.35,149632,744,0.005
10/29/2025,Affiliates 2025-10,1669.61,30283,248,0.0082
10/30/2025,Paid Search 2025-10,13712.76,223258,1654,0.0074
10/30/2025,Social 2025-10,6668.80,124302,1175,0.0095
10/30/2025,Email 2025-10,2571.01,173267,860,0.005
10/30/2025,Affiliates 2025-10,1533.57,26305,175,0.0067
10/31/2025,Paid Search 2025-10,11100.32,175179,1171,0.0067
10/31/2025,Social 2025-10,6174,130118,1068,0.0082
10/31/2025,Email 2025-10,1994.90,124099,596,0.0048
10/31/2025,Affiliates 2025-10,1204.61,20930,145,0.0069